{
	"168intro_0":  { "File": "ashuralook.bmp", "Rect": "0,1,31,39", "Center": "15,18" },
	"168intro_1":  { "File": "ashuralook.bmp", "Rect": "32,0,32,40", "Center": "16,19" },
	"168intro_2":  { "File": "ashuralook.bmp", "Rect": "65,0,32,40", "Center": "16,19" },
	"168intro_3":  { "File": "ashuralook.bmp", "Rect": "98,0,32,40", "Center": "16,19" },
	"168intro_4":  { "File": "ashuralook.bmp", "Rect": "131,0,32,40", "Center": "16,19" },
	"168intro_5":  { "File": "ashuralook.bmp", "Rect": "164,0,32,40", "Center": "16,19" },
	
	"168intro_6":  { "File": "ashurago.bmp", "Rect": "0,0,23,39", "Center": "12,19" },
	"168intro_7":  { "File": "ashurago.bmp", "Rect": "24,4,27,35", "Center": "14,15" },
	"168intro_8":  { "File": "ashurago.bmp", "Rect": "52,5,27,34", "Center": "14,14" },
	"168intro_9":  { "File": "ashurago.bmp", "Rect": "80,4,27,36", "Center": "14,15" },
	"168intro_10":  { "File": "ashurago.bmp", "Rect": "108,0,23,39", "Center": "12,19" },
	
	"168atonblast":  { "File": "circle.png", "Rect": "0,0,512,512", "Center": "256,256" },
	"flash":  { "File": "flash.png"},
}