{
	"character_supersonic_0x01_168cooler":  { "File": "character_coolersuper.bmp", "Rect": "0,4,30,50", "Center": "17,28" },
	"character_supersonic_0x02_168cooler":  { "File": "character_coolersuper.bmp", "Rect": "32,4,33,50", "Center": "18,28" },
	"character_supersonic_0x03_168cooler":  { "File": "character_coolersuper.bmp", "Rect": "0,4,32,50", "Center": "17,28" },
	"character_supersonic_0x04_168cooler":  { "File": "character_coolersuper.bmp", "Rect": "32,4,31,50", "Center": "18,28" },
	"character_supersonic_0x05_168cooler":  { "File": "character_coolersuper.bmp", "Rect": "0,4,31,49", "Center": "17,28" },
	"character_supersonic_0x06_168cooler":  { "File": "character_coolersuper.bmp", "Rect": "32,4,31,50", "Center": "18,28" },
	"character_supersonic_0x07_168cooler":  { "File": "character_coolersuper.bmp", "Rect": "0,4,29,50", "Center": "17,28" },
	"character_supersonic_0x08_168cooler":  { "File": "character_coolersuper.bmp", "Rect": "33,4,30,50", "Center": "17,28" },
	"character_supersonic_0x09_168cooler":  { "File": "character_superashura.bmp", "Rect": "452,0,48,56", "Center": "29,29" },
	"character_supersonic_0x0a_168cooler":  { "File": "character_superashura.bmp", "Rect": "504,4,56,48", "Center": "29,25" },
	"character_supersonic_0x0b_168cooler":  { "File": "character_superashura.bmp", "Rect": "564,8,48,40", "Center": "29,21" },
	"character_supersonic_0x0c_168cooler":  { "File": "character_superashura.bmp", "Rect": "616,4,56,48", "Center": "29,29" },
	"character_supersonic_0x0d_168cooler":  { "File": "character_superashura.bmp", "Rect": "676,0,48,56", "Center": "29,29" },
	"character_supersonic_0x0e_168cooler":  { "File": "character_superashura.bmp", "Rect": "728,4,56,48", "Center": "29,21" },
	"character_supersonic_0x0f_168cooler":  { "File": "character_superashura.bmp", "Rect": "788,4,48,48", "Center": "29,29" },
	"character_supersonic_0x10_168cooler":  { "File": "character_superashura.bmp", "Rect": "844,8,48,40", "Center": "29,21" },
	"character_supersonic_0x11_168cooler":  { "File": "character_superashura.bmp", "Rect": "4,64,48,40", "Center": "28,20" },
	"character_supersonic_0x12_168cooler":  { "File": "character_superashura.bmp", "Rect": "60,64,48,40", "Center": "27,20" },
	"character_supersonic_0x13_168cooler":  { "File": "character_superashura.bmp", "Rect": "116,68,48,32", "Center": "26,12" },
	"character_supersonic_0x14_168cooler":  { "File": "character_superashura.bmp", "Rect": "172,67,48,34", "Center": "28,14" },
	"character_supersonic_0x15_168cooler":  { "File": "character_superashura.bmp", "Rect": "228,63,48,42", "Center": "28,22" },
	"character_supersonic_0x16_168cooler":  { "File": "character_superashura.bmp", "Rect": "284,63,48,41", "Center": "27,21" },
	"character_supersonic_0x17_168cooler":  { "File": "character_superashura.bmp", "Rect": "340,68,48,32", "Center": "26,12" },
	"character_supersonic_0x18_168cooler":  { "File": "character_superashura.bmp", "Rect": "396,68,48,32", "Center": "28,12" },
	"character_supersonic_0x19_168cooler":  { "File": "character_superashura.bmp", "Rect": "448,60,56,48", "Center": "28,20" },
	"character_supersonic_0x1a_168cooler":  { "File": "character_superashura.bmp", "Rect": "508,56,48,56", "Center": "24,28" },
	"character_supersonic_0x1b_168cooler":  { "File": "character_superashura.bmp", "Rect": "568,60,40,48", "Center": "20,20" },
	"character_supersonic_0x1c_168cooler":  { "File": "character_superashura.bmp", "Rect": "620,56,48,56", "Center": "28,28" },
	"character_supersonic_0x1d_168cooler":  { "File": "character_superashura.bmp", "Rect": "672,60,56,48", "Center": "28,20" },
	"character_supersonic_0x1e_168cooler":  { "File": "character_superashura.bmp", "Rect": "732,56,48,56", "Center": "20,28" },
	"character_supersonic_0x1f_168cooler":  { "File": "character_superashura.bmp", "Rect": "788,60,48,48", "Center": "28,20" },
	"character_supersonic_0x20_168cooler":  { "File": "character_superashura.bmp", "Rect": "848,60,40,48", "Center": "20,20" },
	"character_supersonic_0x21_168cooler":  { "File": "character_coolersuper.bmp", "Rect": "63,6,40,40", "Center": "27,21" },
	"character_supersonic_0x22_168cooler":  { "File": "character_coolersuper.bmp", "Rect": "105,5,40,40", "Center": "27,21" },
	"character_supersonic_0x23_168cooler":  { "File": "character_coolersuper.bmp", "Rect": "63,6,40,40", "Center": "27,21" },
	"character_supersonic_0x24_168cooler":  { "File": "character_coolersuper.bmp", "Rect": "105,5,40,40", "Center": "27,21" },
	"character_supersonic_0x25_168cooler":  { "File": "character_superashura.bmp", "Rect": "232,116,40,48", "Center": "28,22" },
	"character_supersonic_0x26_168cooler":  { "File": "character_superashura.bmp", "Rect": "288,116,40,48", "Center": "28,23" },
	"character_supersonic_0x27_168cooler":  { "File": "character_superashura.bmp", "Rect": "344,116,40,48", "Center": "28,22" },
	"character_supersonic_0x28_168cooler":  { "File": "character_superashura.bmp", "Rect": "400,116,40,48", "Center": "28,23" },
	"character_supersonic_0x29_168cooler":  { "File": "character_superashura.bmp", "Rect": "456,120,40,40", "Center": "21,12" },
	"character_supersonic_0x2a_168cooler":  { "File": "character_superashura.bmp", "Rect": "512,120,40,40", "Center": "21,12" },
	"character_supersonic_0x2b_168cooler":  { "File": "character_superashura.bmp", "Rect": "568,120,40,40", "Center": "21,12" },
	"character_supersonic_0x2c_168cooler":  { "File": "character_superashura.bmp", "Rect": "624,120,40,40", "Center": "21,12" },
	"character_supersonic_0x2d_168cooler":  { "File": "character_superashura.bmp", "Rect": "676,120,48,40", "Center": "22,12" },
	"character_supersonic_0x2e_168cooler":  { "File": "character_superashura.bmp", "Rect": "732,120,48,40", "Center": "23,12" },
	"character_supersonic_0x2f_168cooler":  { "File": "character_superashura.bmp", "Rect": "788,120,48,40", "Center": "22,12" },
	"character_supersonic_0x30_168cooler":  { "File": "character_superashura.bmp", "Rect": "844,120,48,40", "Center": "23,12" },
	"character_supersonic_0x31_168cooler":  { "File": "character_coolersuper.bmp", "Rect": "163,0,53,45", "Center": "22,25" },
	"character_supersonic_0x32_168cooler":  { "File": "character_coolersuper.bmp", "Rect": "218,6,40,44", "Center": "17,22" },
	"character_supersonic_0x33_168cooler":  { "File": "character_coolersuper.bmp", "Rect": "263,4,32,54", "Center": "15,27" },
	"character_supersonic_0x34_168cooler":  { "File": "character_coolersuper.bmp", "Rect": "295,6,58,40", "Center": "25,23" },
	"character_supersonic_0x35_168cooler":  { "File": "character_coolersuper.bmp", "Rect": "163,6,53,35", "Center": "23,20" },
	"character_supersonic_0x36_168cooler":  { "File": "character_coolersuper.bmp", "Rect": "218,6,40,44", "Center": "19,22" },
	"character_supersonic_0x37_168cooler":  { "File": "character_coolersuper.bmp", "Rect": "263,4,29,55", "Center": "14,26" },
	"character_supersonic_0x38_168cooler":  { "File": "character_coolersuper.bmp", "Rect": "295,4,56,45", "Center": "28,26" },
	"character_supersonic_0x39_168cooler":  { "File": "character_coolersuper.bmp", "Rect": "358,10,39,44", "Center": "19,24" },
	"character_supersonic_0x3a_168cooler":  { "File": "character_coolersuper.bmp", "Rect": "358,10,39,44", "Center": "19,24" },
	"character_supersonic_0x3b_168cooler":  { "File": "character_coolersuper.bmp", "Rect": "358,10,39,44", "Center": "19,24" },
	"character_supersonic_0x3c_168cooler":  { "File": "character_coolersuper.bmp", "Rect": "358,10,39,44", "Center": "19,24" },
	"character_supersonic_0x3d_168cooler":  { "File": "character_superashura.bmp", "Rect": "688,172,24,48", "Center": "14,26" },
	"character_supersonic_0x3e_168cooler":  { "File": "character_superashura.bmp", "Rect": "744,177,24,34", "Center": "13,19" },
	"character_supersonic_0x3f_168cooler":  { "File": "character_superashura.bmp", "Rect": "796,180,32,32", "Center": "17,15" },
	"character_supersonic_0x40_168cooler":  { "File": "character_superashura.bmp", "Rect": "852,180,32,32", "Center": "16,14" },
	"character_supersonic_0x41_168cooler":  { "File": "character_superashura.bmp", "Rect": "12,232,32,40", "Center": "16,17" },
	"character_supersonic_0x42_168cooler":  { "File": "character_superashura.bmp", "Rect": "66,232,32,44", "Center": "18,20" },
	"character_supersonic_0x43_168cooler":  { "File": "character_superashura.bmp", "Rect": "127,232,24,40", "Center": "12,20" },
	"character_supersonic_0x44_168cooler":  { "File": "character_superashura.bmp", "Rect": "182,236,26,32", "Center": "14,16" },
	"character_supersonic_0x45_168cooler":  { "File": "character_superashura.bmp", "Rect": "236,240,32,24", "Center": "14,10" },
	"character_supersonic_0x46_168cooler":  { "File": "character_superashura.bmp", "Rect": "296,236,24,32", "Center": "13,13" },
	"character_supersonic_0x47_168cooler":  { "File": "character_superashura.bmp", "Rect": "348,232,28,40", "Center": "17,21" },
	"character_supersonic_0x48_168cooler":  { "File": "character_superashura.bmp", "Rect": "400,227,33,45", "Center": "19,25" },
	"character_supersonic_0x49_168cooler":  { "File": "character_superashura.bmp", "Rect": "456,224,40,48", "Center": "20,32" },
	"character_supersonic_0x4a_168cooler":  { "File": "character_superashura.bmp", "Rect": "516,223,33,48", "Center": "14,27" },
	"character_supersonic_0x4b_168cooler":  { "File": "character_superashura.bmp", "Rect": "572,231,32,37", "Center": "16,26" },
	"character_supersonic_0x4c_168cooler":  { "File": "character_superashura.bmp", "Rect": "628,234,32,34", "Center": "13,17" },
	"character_supersonic_0x4d_168cooler":  { "File": "character_superashura.bmp", "Rect": "684,236,32,32", "Center": "13,18" },
	"character_supersonic_0x4e_168cooler":  { "File": "character_superashura.bmp", "Rect": "736,236,37,32", "Center": "22,14" },
	"character_supersonic_0x4f_168cooler":  { "File": "character_superashura.bmp", "Rect": "792,232,40,40", "Center": "22,22" },
	"character_supersonic_0x50_168cooler":  { "File": "character_superashura.bmp", "Rect": "845,232,42,40", "Center": "24,20" },
	"character_supersonic_0x51_168cooler":  { "File": "character_superashura.bmp", "Rect": "7,292,37,32", "Center": "22,19" },
	"character_supersonic_0x52_168cooler":  { "File": "character_superashura.bmp", "Rect": "68,292,32,32", "Center": "14,17" },
	"character_supersonic_0x53_168cooler":  { "File": "character_superashura.bmp", "Rect": "120,292,40,32", "Center": "24,19" },
	"character_supersonic_0x54_168cooler":  { "File": "character_superashura.bmp", "Rect": "176,289,40,32", "Center": "17,19" },
	"character_supersonic_0x55_168cooler":  { "File": "character_superashura.bmp", "Rect": "230,282,33,46", "Center": "24,26" },
	"character_supersonic_0x56_168cooler":  { "File": "character_superashura.bmp", "Rect": "288,283,34,45", "Center": "22,25" },
	"character_supersonic_0x57_168cooler":  { "File": "character_superashura.bmp", "Rect": "344,283,32,45", "Center": "20,25" },
	"character_supersonic_0x58_168cooler":  { "File": "character_superashura.bmp", "Rect": "408,283,25,45", "Center": "13,25" },
	"character_supersonic_0x59_168cooler":  { "File": "character_superashura.bmp", "Rect": "460,282,36,46", "Center": "17,26" },
	"character_supersonic_0x5a_168cooler":  { "File": "character_superashura.bmp", "Rect": "516,283,34,45", "Center": "18,25" },
	"character_supersonic_0x5b_168cooler":  { "File": "character_superashura.bmp", "Rect": "576,283,25,45", "Center": "13,25" },
	"character_supersonic_0x5c_168cooler":  { "File": "character_superashura.bmp", "Rect": "620,294,48,26", "Center": "20,13" },
	"character_supersonic_0x5d_168cooler":  { "File": "character_superashura.bmp", "Rect": "684,296,32,24", "Center": "4,12" },
	"character_supersonic_0x5e_168cooler":  { "File": "character_superashura.bmp", "Rect": "736,296,40,24", "Center": "30,12" },
	"character_supersonic_0x5f_168cooler":  { "File": "character_superashura.bmp", "Rect": "788,294,48,26", "Center": "27,13" },
	"character_supersonic_0x60_168cooler":  { "File": "character_superashura.bmp", "Rect": "852,296,32,24", "Center": "10,12" },
	"character_supersonic_0x61_168cooler":  { "File": "character_superashura.bmp", "Rect": "8,352,40,24", "Center": "38,12" },
	"character_supersonic_0x62_168cooler":  { "File": "character_superashura.bmp", "Rect": "64,343,40,33", "Center": "20,21" },
	"character_supersonic_0x63_168cooler":  { "File": "character_superashura.bmp", "Rect": "126,340,26,48", "Center": "13,24" },
	"character_supersonic_0x64_168cooler":  { "File": "character_superashura.bmp", "Rect": "184,348,24,32", "Center": "13,15" },
	"character_supersonic_0x65_168cooler":  { "File": "character_superashura.bmp", "Rect": "240,344,24,40", "Center": "12,21" },
	"character_supersonic_0x66_168cooler":  { "File": "character_superashura.bmp", "Rect": "294,340,25,48", "Center": "14,24" },
	"character_supersonic_0x67_168cooler":  { "File": "character_superashura.bmp", "Rect": "352,348,24,32", "Center": "14,16" },
	"character_supersonic_0x68_168cooler":  { "File": "character_superashura.bmp", "Rect": "408,344,24,40", "Center": "14,24" },
	"character_supersonic_0x69_168cooler":  { "File": "character_superashura.bmp", "Rect": "456,344,33,40", "Center": "20,20" },
	"character_supersonic_0x6a_168cooler":  { "File": "character_superashura.bmp", "Rect": "515,344,32,40", "Center": "17,20" },
	"character_supersonic_0x6b_168cooler":  { "File": "character_superashura.bmp", "Rect": "572,348,32,32", "Center": "21,20" },
	"character_supersonic_0x6c_168cooler":  { "File": "character_superashura.bmp", "Rect": "620,348,44,32", "Center": "24,16" },
	"character_supersonic_0x6d_168cooler":  { "File": "character_superashura.bmp", "Rect": "675,348,46,32", "Center": "25,16" },
	"character_supersonic_0x6e_168cooler":  { "File": "character_superashura.bmp", "Rect": "736,348,40,33", "Center": "20,16" },
	"character_supersonic_0x6f_168cooler":  { "File": "character_superashura.bmp", "Rect": "796,348,32,32", "Center": "16,16" },
	"character_supersonic_0x70_168cooler":  { "File": "character_superashura.bmp", "Rect": "852,348,32,33", "Center": "16,16" },
	"character_supersonic_0x71_168cooler":  { "File": "character_superashura.bmp", "Rect": "12,404,36,32", "Center": "16,16" },
	"character_supersonic_0x72_168cooler":  { "File": "character_superashura.bmp", "Rect": "64,404,41,32", "Center": "20,16" },
	"character_supersonic_0x73_168cooler":  { "File": "character_superashura.bmp", "Rect": "120,404,45,35", "Center": "20,16" },
	"character_supersonic_0x74_168cooler":  { "File": "character_superashura.bmp", "Rect": "180,404,34,34", "Center": "16,16" },
	"character_supersonic_0x75_168cooler":  { "File": "character_superashura.bmp", "Rect": "237,404,29,32", "Center": "15,16" },
	"character_supersonic_0x76_168cooler":  { "File": "character_superashura.bmp", "Rect": "292,404,32,32", "Center": "16,16" },
	"character_supersonic_0x77_168cooler":  { "File": "character_superashura.bmp", "Rect": "345,408,35,26", "Center": "19,12" },
	"character_supersonic_0x78_168cooler":  { "File": "character_superashura.bmp", "Rect": "396,396,41,48", "Center": "22,25" },
	"character_supersonic_0x79_168cooler":  { "File": "character_superashura.bmp", "Rect": "448,400,52,40", "Center": "35,26" },
	"character_supersonic_0x7a_168cooler":  { "File": "character_superashura.bmp", "Rect": "508,400,48,44", "Center": "26,23" },
	"character_supersonic_0x7b_168cooler":  { "File": "character_superashura.bmp", "Rect": "568,396,40,52", "Center": "27,18" },
	"character_supersonic_0x7c_168cooler":  { "File": "character_superashura.bmp", "Rect": "624,396,44,48", "Center": "23,22" },
	"character_supersonic_0x7d_168cooler":  { "File": "character_superashura.bmp", "Rect": "676,400,52,40", "Center": "20,13" },
	"character_supersonic_0x7e_168cooler":  { "File": "character_superashura.bmp", "Rect": "732,396,48,40", "Center": "23,20" },
	"character_supersonic_0x7f_168cooler":  { "File": "character_superashura.bmp", "Rect": "792,392,40,51", "Center": "13,31" },
	"character_supersonic_0x80_168cooler":  { "File": "character_superashura.bmp", "Rect": "848,391,40,48", "Center": "17,29" },
	"character_supersonic_0x81_168cooler":  { "File": "character_superashura.bmp", "Rect": "7,452,33,48", "Center": "23,24" },
	"character_supersonic_0x82_168cooler":  { "File": "character_superashura.bmp", "Rect": "68,451,32,49", "Center": "20,25" },
	"character_supersonic_0x83_168cooler":  { "File": "character_superashura.bmp", "Rect": "120,448,40,52", "Center": "22,28" },
	"character_supersonic_0x84_168cooler":  { "File": "character_superashura.bmp", "Rect": "180,449,32,51", "Center": "19,27" },
	"character_supersonic_0x85_168cooler":  { "File": "character_superashura.bmp", "Rect": "232,449,33,51", "Center": "20,27" },
	"character_supersonic_0x86_168cooler":  { "File": "character_superashura.bmp", "Rect": "292,460,32,32", "Center": "12,8" },
	"character_supersonic_0x87_168cooler":  { "File": "character_superashura.bmp", "Rect": "348,460,32,32", "Center": "12,8" },
	"character_supersonic_0x88_168cooler":  { "File": "character_superashura.bmp", "Rect": "404,460,32,32", "Center": "12,8" },
	"character_supersonic_0x89_168cooler":  { "File": "character_superashura.bmp", "Rect": "460,460,32,32", "Center": "12,8" },
	"character_supersonic_0x8a_168cooler":  { "File": "character_superashura.bmp", "Rect": "516,460,32,32", "Center": "12,8" },
	"character_supersonic_0x8b_168cooler":  { "File": "character_superashura.bmp", "Rect": "572,460,32,32", "Center": "12,8" },
	"character_supersonic_0x8c_168cooler":  { "File": "character_superashura.bmp", "Rect": "617,460,46,32", "Center": "27,16" },
	"character_supersonic_0x8d_168cooler":  { "File": "character_superashura.bmp", "Rect": "673,458,46,34", "Center": "27,18" },
	"character_supersonic_0x8e_168cooler":  { "File": "character_coolersuper.bmp", "Rect": "404,4,33,48", "Center": "19,28" },
	"character_supersonic_0x8f_168cooler":  { "File": "character_superashura.bmp", "Rect": "783,458,48,33", "Center": "32,17" },
	"character_supersonic_0x90_168cooler":  { "File": "character_superashura.bmp", "Rect": "848,452,36,48", "Center": "20,24" },
	"character_supersonic_0x91_168cooler":  { "File": "character_superashura.bmp", "Rect": "4,508,40,48", "Center": "20,26" },
	"character_supersonic_0x92_168cooler":  { "File": "character_superashura.bmp", "Rect": "60,509,41,40", "Center": "20,27" },
	"character_supersonic_0x93_168cooler":  { "File": "character_superashura.bmp", "Rect": "120,513,32,35", "Center": "20,27" },
	"character_supersonic_0x94_168cooler":  { "File": "character_superashura.bmp", "Rect": "180,508,32,48", "Center": "14,24" },
	"character_supersonic_0x95_168cooler":  { "File": "character_superashura.bmp", "Rect": "239,508,25,48", "Center": "10,24" },
	"character_supersonic_0x96_168cooler":  { "File": "character_superashura.bmp", "Rect": "292,516,32,32", "Center": "16,16" },
	"character_supersonic_0x97_168cooler":  { "File": "character_superashura.bmp", "Rect": "348,516,32,32", "Center": "16,16" },
	"character_supersonic_0x98_168cooler":  { "File": "character_superashura.bmp", "Rect": "404,516,32,32", "Center": "16,16" },
	"character_supersonic_0x99_168cooler":  { "File": "character_superashura.bmp", "Rect": "460,516,32,32", "Center": "16,16" },
	"character_supersonic_0x9a_168cooler":  { "File": "character_superashura.bmp", "Rect": "516,516,32,32", "Center": "16,16" },
	"character_supersonic_0x9b_168cooler":  { "File": "character_superashura.bmp", "Rect": "568,516,40,32", "Center": "16,12" },
	"character_supersonic_0x9c_168cooler":  { "File": "character_superashura.bmp", "Rect": "624,516,40,32", "Center": "16,12" },
	"character_supersonic_0x9d_168cooler":  { "File": "character_coolersuper.bmp", "Rect": "537,7,44,41", "Center": "22,22" },
	"character_supersonic_0x9e_168cooler":  { "File": "character_coolersuper.bmp", "Rect": "445,7,45,42", "Center": "21,23" },
	"character_supersonic_0x9f_168cooler":  { "File": "character_coolersuper.bmp", "Rect": "490,8,45,41", "Center": "22,22" },
	"character_supersonic_0xa0_168cooler":  { "File": "character_coolersuper.bmp", "Rect": "588,5,42,43", "Center": "20,24" },
	"character_supersonic_0xa1_168cooler":  { "File": "character_superashura.bmp", "Rect": "7,564,42,48", "Center": "24,27" },
	"character_supersonic_0xa2_168cooler":  { "File": "character_superashura.bmp", "Rect": "63,564,42,48", "Center": "24,27" },
	"character_supersonic_0xa3_168cooler":  { "File": "character_superashura.bmp", "Rect": "120,564,40,48", "Center": "22,27" },
	"character_supersonic_0xa4_168cooler":  { "File": "character_superashura.bmp", "Rect": "175,564,42,48", "Center": "24,27" },
	"character_supersonic_0xa5_168cooler":  { "File": "character_superashura.bmp", "Rect": "231,564,42,48", "Center": "24,27" },
	"character_supersonic_0xa6_168cooler":  { "File": "character_superashura.bmp", "Rect": "288,564,40,48", "Center": "22,27" },
	"character_supersonic_0xa7_168cooler":  { "File": "character_superashura.bmp", "Rect": "344,561,40,48", "Center": "16,27" },
	"character_supersonic_0xa8_168cooler":  { "File": "character_superashura.bmp", "Rect": "400,568,40,40", "Center": "16,20" },
	"character_supersonic_0xa9_168cooler":  { "File": "character_superashura.bmp", "Rect": "456,568,40,40", "Center": "16,20" },
	"character_supersonic_0xaa_168cooler":  { "File": "character_coolersuper.bmp", "Rect": "642,8,31,48", "Center": "21,18" },
	"character_supersonic_0xab_168cooler":  { "File": "character_coolersuper.bmp", "Rect": "642,8,31,48", "Center": "21,18" },
	"character_supersonic_0xac_168cooler":  { "File": "character_superashura.bmp", "Rect": "617,567,45,41", "Center": "27,21" },
	"character_supersonic_0xad_168cooler":  { "File": "character_superashura.bmp", "Rect": "684,568,32,40", "Center": "18,20" },
	"character_supersonic_0xae_168cooler":  { "File": "character_superashura.bmp", "Rect": "740,568,32,40", "Center": "18,20" },
	"character_supersonic_0xaf_168cooler":  { "File": "character_superashura.bmp", "Rect": "792,568,40,40", "Center": "26,20" },
	"character_supersonic_0xb0_168cooler":  { "File": "character_superashura.bmp", "Rect": "852,568,32,40", "Center": "22,20" },
	"character_supersonic_0xb1_168cooler":  { "File": "character_superashura.bmp", "Rect": "12,624,32,40", "Center": "17,20" },
	"character_supersonic_0xb2_168cooler":  { "File": "character_superashura.bmp", "Rect": "68,624,32,40", "Center": "17,20" },
	"character_supersonic_0xb3_168cooler":  { "File": "character_superashura.bmp", "Rect": "124,624,32,40", "Center": "17,20" },
	"character_supersonic_0xb4_168cooler":  { "File": "character_coolersuper.bmp", "Rect": "734,3,48,30", "Center": "24,26" },
	"character_supersonic_0xb5_168cooler":  { "File": "character_coolersuper.bmp", "Rect": "735,43,49,30", "Center": "24,26" },
	"character_supersonic_0xb6_168cooler":  { "File": "character_superashura.bmp", "Rect": "292,620,32,48", "Center": "19,28" },
	"character_supersonic_0xb7_168cooler":  { "File": "character_superashura.bmp", "Rect": "348,620,32,48", "Center": "19,27" },
	"character_supersonic_0xb8_168cooler":  { "File": "character_superashura.bmp", "Rect": "404,620,32,48", "Center": "19,28" },
	"character_supersonic_0xb9_168cooler":  { "File": "character_superashura.bmp", "Rect": "460,620,32,48", "Center": "19,27" },
	"character_supersonic_0xba_168cooler":  { "File": "character_coolersuper.bmp", "Rect": "796,9,29,52", "Center": "20,32" },
	"character_supersonic_0xbb_168cooler":  { "File": "character_coolersuper.bmp", "Rect": "835,9,29,52", "Center": "20,32" },
	"character_supersonic_0xbc_168cooler":  { "File": "character_coolersuper.bmp", "Rect": "796,9,29,52", "Center": "20,32" },
	"character_supersonic_0xbd_168cooler":  { "File": "character_coolersuper.bmp", "Rect": "835,9,29,52", "Center": "20,32" },
	"character_supersonic_0xbe_168cooler":  { "File": "character_coolersuper.bmp", "Rect": "796,9,29,52", "Center": "20,32" },
	"character_supersonic_0xbf_168cooler":  { "File": "character_coolersuper.bmp", "Rect": "835,9,29,52", "Center": "20,32" },
	"character_supersonic_0xc0_168cooler":  { "File": "character_coolersuper.bmp", "Rect": "796,9,29,52", "Center": "20,32" },
	"character_supersonic_0xc1_168cooler":  { "File": "character_coolersuper.bmp", "Rect": "835,9,29,52", "Center": "20,32" },
	"character_supersonic_0xc2_168cooler":  { "File": "character_coolersuper.bmp", "Rect": "796,9,29,52", "Center": "20,32" },
	"character_supersonic_0xc3_168cooler":  { "File": "character_coolersuper.bmp", "Rect": "4,65,39,47", "Center": "28,27" },
	"character_supersonic_0xc4_168cooler":  { "File": "character_coolersuper.bmp", "Rect": "49,64,39,47", "Center": "29,27" },
	"character_supersonic_0xc5_168cooler":  { "File": "character_coolersuper.bmp", "Rect": "796,9,29,52", "Center": "20,32" },
	"character_supersonic_0xc6_168cooler":  { "File": "character_coolersuper.bmp", "Rect": "835,9,29,52", "Center": "20,32" },
	"character_supersonic_0xc7_168cooler":  { "File": "character_coolersuper.bmp", "Rect": "796,9,29,52", "Center": "20,32" },
	"character_supersonic_0xc8_168cooler":  { "File": "character_superashura.bmp", "Rect": "396,682,48,32", "Center": "29,18" },
	"character_supersonic_0xc9_168cooler":  { "File": "character_superashura.bmp", "Rect": "456,682,40,30", "Center": "20,18" },
	"character_supersonic_0xca_168cooler":  { "File": "character_superashura.bmp", "Rect": "516,684,32,28", "Center": "17,16" },
	"character_supersonic_0xcb_168cooler":  { "File": "character_superashura.bmp", "Rect": "568,682,40,30", "Center": "21,18" },
	"character_supersonic_0xcc_168cooler":  { "File": "character_superashura.bmp", "Rect": "620,682,48,30", "Center": "18,18" },
	"character_supersonic_0xcd_168cooler":  { "File": "character_superashura.bmp", "Rect": "680,682,40,30", "Center": "22,18" },
	"character_supersonic_0xce_168cooler":  { "File": "character_superashura.bmp", "Rect": "740,682,32,30", "Center": "17,18" },
	"character_supersonic_0xcf_168cooler":  { "File": "character_superashura.bmp", "Rect": "792,683,40,30", "Center": "17,18" },
	"character_supersonic_0xd0_168cooler":  { "File": "character_superashura.bmp", "Rect": "841,683,47,33", "Center": "31,14" },
	"character_supersonic_0xd1_168cooler":  { "File": "character_superashura.bmp", "Rect": "393,739,47,33", "Center": "31,14" },
	"character_supersonic_0xd2_168cooler":  { "File": "character_superashura.bmp", "Rect": "72,740,24,32", "Center": "12,16" },
	"character_supersonic_0xd3_168cooler":  { "File": "character_superashura.bmp", "Rect": "124,732,32,48", "Center": "13,24" },
	"character_supersonic_0xd4_168cooler":  { "File": "character_superashura.bmp", "Rect": "180,732,32,48", "Center": "16,24" },
	"character_supersonic_0xd5_168cooler":  { "File": "character_superashura.bmp", "Rect": "236,732,32,48", "Center": "16,24" },
	"character_supersonic_0xd6_168cooler":  { "File": "character_superashura.bmp", "Rect": "292,732,32,48", "Center": "16,24" },
	"character_supersonic_0xd7_168cooler":  { "File": "character_superashura.bmp", "Rect": "337,739,46,33", "Center": "31,14" },
	"character_supersonic_0xd8_168cooler":  { "File": "character_superashura.bmp", "Rect": "393,740,45,32", "Center": "31,13" },
	"character_supersonic_0xd9_168cooler":  { "File": "character_superashura.bmp", "Rect": "456,736,40,40", "Center": "24,20" },
	"character_supersonic_0xda_168cooler":  { "File": "character_superashura.bmp", "Rect": "516,733,32,44", "Center": "16,23" },
	"character_supersonic_0xdb_168cooler":  { "File": "character_superashura.bmp", "Rect": "572,733,32,44", "Center": "16,23" },
	"character_supersonic_0xdc_168cooler":  { "File": "character_superashura.bmp", "Rect": "628,734,32,43", "Center": "16,22" },
	"character_supersonic_0xdd_168cooler":  { "File": "character_superashura.bmp", "Rect": "684,734,32,43", "Center": "16,22" },
	"character_supersonic_0xde_168cooler":  { "File": "character_superashura.bmp", "Rect": "740,734,32,43", "Center": "16,22" },
	"character_supersonic_0xdf_168cooler":  { "File": "character_superashura.bmp", "Rect": "796,734,32,43", "Center": "16,22" },
	"character_supersonic_0xe0_168cooler":  { "File": "character_superashura.bmp", "Rect": "856,740,24,32", "Center": "12,16" },
	"character_supersonic_0xe1_168cooler":  { "File": "character_superashura.bmp", "Rect": "16,792,24,40", "Center": "12,20" },
	"character_supersonic_0xe2_168cooler":  { "File": "character_superashura.bmp", "Rect": "68,788,32,43", "Center": "16,24" },
	"character_supersonic_0xe3_168cooler":  { "File": "character_superashura.bmp", "Rect": "120,785,40,48", "Center": "20,27" },
	"character_supersonic_0xe4_168cooler":  { "File": "character_superashura.bmp", "Rect": "174,788,34,48", "Center": "22,24" },
	"character_supersonic_0xe5_168cooler":  { "File": "character_superashura.bmp", "Rect": "232,788,36,48", "Center": "20,24" },
	"character_supersonic_0xe6_168cooler":  { "File": "character_superashura.bmp", "Rect": "288,788,32,48", "Center": "18,24" },
	"character_supersonic_0xe7_168cooler":  { "File": "character_superashura.bmp", "Rect": "352,788,25,48", "Center": "12,24" },
	"character_supersonic_0xe8_168cooler":  { "File": "character_superashura.bmp", "Rect": "404,788,36,48", "Center": "16,24" },
	"character_supersonic_0xe9_168cooler":  { "File": "character_superashura.bmp", "Rect": "460,788,34,48", "Center": "16,24" },
	"character_supersonic_0xea_168cooler":  { "File": "character_superashura.bmp", "Rect": "520,788,25,48", "Center": "12,24" },
	"character_supersonic_0xeb_168cooler":  { "File": "character_superashura.bmp", "Rect": "568,788,40,48", "Center": "20,24" },
	"character_supersonic_0xec_168cooler":  { "File": "character_superashura.bmp", "Rect": "620,792,48,40", "Center": "24,20" },
	"character_supersonic_0xed_168cooler":  { "File": "character_superashura.bmp", "Rect": "684,788,32,48", "Center": "16,24" },
	"character_supersonic_0xee_168cooler":  { "File": "character_superashura.bmp", "Rect": "732,792,48,40", "Center": "24,20" },
	"character_supersonic_0xef_168cooler":  { "File": "character_superashura.bmp", "Rect": "791,792,40,40", "Center": "21,20" },
	"character_supersonic_0xf0_168cooler":  { "File": "character_superashura.bmp", "Rect": "848,792,37,40", "Center": "20,20" },
	"character_supersonic_0xf1_168cooler":  { "File": "character_superashura.bmp", "Rect": "12,848,32,40", "Center": "16,20" },
	"character_supersonic_0xf2_168cooler":  { "File": "character_superashura.bmp", "Rect": "71,848,25,40", "Center": "13,20" },
	"character_supersonic_0xf3_168cooler":  { "File": "character_superashura.bmp", "Rect": "124,848,33,40", "Center": "15,20" },
	"character_supersonic_0xf4_168cooler":  { "File": "character_superashura.bmp", "Rect": "179,848,37,40", "Center": "17,20" },
	"character_supersonic_0xf5_168cooler":  { "File": "character_superashura.bmp", "Rect": "233,848,41,40", "Center": "19,20" },
	"character_supersonic_0xf6_168cooler":  { "File": "character_superashura.bmp", "Rect": "287,848,37,40", "Center": "21,20" },
	"character_supersonic_0xf7_168cooler":  { "File": "character_superashura.bmp", "Rect": "348,848,32,40", "Center": "15,20" },
	"character_supersonic_0xf8_168cooler":  { "File": "character_superashura.bmp", "Rect": "408,848,25,40", "Center": "12,20" },
	"character_supersonic_0xf9_168cooler":  { "File": "character_superashura.bmp", "Rect": "460,848,32,40", "Center": "16,20" },
	"character_supersonic_0xfa_168cooler":  { "File": "character_superashura.bmp", "Rect": "516,848,37,40", "Center": "16,20" }
}