{
	"absolute_superashura_0x01":  { "File": "character_supersonic.bmp", "Rect": "8,1,40,47", "Center": "20,28" },
	"absolute_superashura_0x02":  { "File": "character_supersonic.bmp", "Rect": "64,1,40,47", "Center": "27,27" },
	"absolute_superashura_0x03":  { "File": "character_supersonic.bmp", "Rect": "124,0,32,48", "Center": "19,27" },
	"absolute_superashura_0x04":  { "File": "character_supersonic.bmp", "Rect": "180,1,32,47", "Center": "16,28" },
	"absolute_superashura_0x05":  { "File": "character_supersonic.bmp", "Rect": "232,1,40,47", "Center": "17,28" },
	"absolute_superashura_0x06":  { "File": "character_supersonic.bmp", "Rect": "288,1,40,47", "Center": "18,28" },
	"absolute_superashura_0x07":  { "File": "character_supersonic.bmp", "Rect": "348,0,32,48", "Center": "18,28" },
	"absolute_superashura_0x08":  { "File": "character_supersonic.bmp", "Rect": "404,0,34,48", "Center": "21,30" },
	"absolute_superashura_0x09":  { "File": "character_supersonic.bmp", "Rect": "452,0,48,56", "Center": "29,29" },
	"absolute_superashura_0x0a":  { "File": "character_supersonic.bmp", "Rect": "504,4,56,48", "Center": "29,25" },
	"absolute_superashura_0x0b":  { "File": "character_supersonic.bmp", "Rect": "564,8,48,40", "Center": "29,21" },
	"absolute_superashura_0x0c":  { "File": "character_supersonic.bmp", "Rect": "616,4,56,48", "Center": "29,29" },
	"absolute_superashura_0x0d":  { "File": "character_supersonic.bmp", "Rect": "676,0,48,56", "Center": "29,29" },
	"absolute_superashura_0x0e":  { "File": "character_supersonic.bmp", "Rect": "728,4,56,48", "Center": "29,21" },
	"absolute_superashura_0x0f":  { "File": "character_supersonic.bmp", "Rect": "788,4,48,48", "Center": "29,29" },
	"absolute_superashura_0x10":  { "File": "character_supersonic.bmp", "Rect": "844,8,48,40", "Center": "29,21" },
	"absolute_superashura_0x11":  { "File": "character_supersonic.bmp", "Rect": "4,64,48,40", "Center": "28,20" },
	"absolute_superashura_0x12":  { "File": "character_supersonic.bmp", "Rect": "60,64,48,40", "Center": "27,20" },
	"absolute_superashura_0x13":  { "File": "character_supersonic.bmp", "Rect": "116,68,48,32", "Center": "26,12" },
	"absolute_superashura_0x14":  { "File": "character_supersonic.bmp", "Rect": "172,67,48,34", "Center": "28,14" },
	"absolute_superashura_0x15":  { "File": "character_supersonic.bmp", "Rect": "228,63,48,42", "Center": "28,22" },
	"absolute_superashura_0x16":  { "File": "character_supersonic.bmp", "Rect": "284,63,48,41", "Center": "27,21" },
	"absolute_superashura_0x17":  { "File": "character_supersonic.bmp", "Rect": "340,68,48,32", "Center": "26,12" },
	"absolute_superashura_0x18":  { "File": "character_supersonic.bmp", "Rect": "396,68,48,32", "Center": "28,12" },
	"absolute_superashura_0x19":  { "File": "character_supersonic.bmp", "Rect": "448,60,56,48", "Center": "28,20" },
	"absolute_superashura_0x1a":  { "File": "character_supersonic.bmp", "Rect": "508,56,48,56", "Center": "24,28" },
	"absolute_superashura_0x1b":  { "File": "character_supersonic.bmp", "Rect": "568,60,40,48", "Center": "20,20" },
	"absolute_superashura_0x1c":  { "File": "character_supersonic.bmp", "Rect": "620,56,48,56", "Center": "28,28" },
	"absolute_superashura_0x1d":  { "File": "character_supersonic.bmp", "Rect": "672,60,56,48", "Center": "28,20" },
	"absolute_superashura_0x1e":  { "File": "character_supersonic.bmp", "Rect": "732,56,48,56", "Center": "20,28" },
	"absolute_superashura_0x1f":  { "File": "character_supersonic.bmp", "Rect": "788,60,48,48", "Center": "28,20" },
	"absolute_superashura_0x20":  { "File": "character_supersonic.bmp", "Rect": "848,60,40,48", "Center": "20,20" },
	"absolute_superashura_0x21":  { "File": "character_supersonic.bmp", "Rect": "8,120,40,40", "Center": "27,21" },
	"absolute_superashura_0x22":  { "File": "character_supersonic.bmp", "Rect": "64,120,40,40", "Center": "27,21" },
	"absolute_superashura_0x23":  { "File": "character_supersonic.bmp", "Rect": "120,120,40,40", "Center": "27,21" },
	"absolute_superashura_0x24":  { "File": "character_supersonic.bmp", "Rect": "176,120,40,40", "Center": "27,21" },
	"absolute_superashura_0x25":  { "File": "character_supersonic.bmp", "Rect": "232,116,40,48", "Center": "28,22" },
	"absolute_superashura_0x26":  { "File": "character_supersonic.bmp", "Rect": "288,116,40,48", "Center": "28,23" },
	"absolute_superashura_0x27":  { "File": "character_supersonic.bmp", "Rect": "344,116,40,48", "Center": "28,22" },
	"absolute_superashura_0x28":  { "File": "character_supersonic.bmp", "Rect": "400,116,40,48", "Center": "28,23" },
	"absolute_superashura_0x29":  { "File": "character_supersonic.bmp", "Rect": "456,120,40,40", "Center": "21,12" },
	"absolute_superashura_0x2a":  { "File": "character_supersonic.bmp", "Rect": "512,120,40,40", "Center": "21,12" },
	"absolute_superashura_0x2b":  { "File": "character_supersonic.bmp", "Rect": "568,120,40,40", "Center": "21,12" },
	"absolute_superashura_0x2c":  { "File": "character_supersonic.bmp", "Rect": "624,120,40,40", "Center": "21,12" },
	"absolute_superashura_0x2d":  { "File": "character_supersonic.bmp", "Rect": "676,120,48,40", "Center": "22,12" },
	"absolute_superashura_0x2e":  { "File": "character_supersonic.bmp", "Rect": "732,120,48,40", "Center": "23,12" },
	"absolute_superashura_0x2f":  { "File": "character_supersonic.bmp", "Rect": "788,120,48,40", "Center": "22,12" },
	"absolute_superashura_0x30":  { "File": "character_supersonic.bmp", "Rect": "844,120,48,40", "Center": "23,12" },
	"absolute_superashura_0x31":  { "File": "character_supersonic.bmp", "Rect": "12,176,32,40", "Center": "14,20" },
	"absolute_superashura_0x32":  { "File": "character_supersonic.bmp", "Rect": "68,176,32,40", "Center": "13,22" },
	"absolute_superashura_0x33":  { "File": "character_supersonic.bmp", "Rect": "124,180,32,32", "Center": "15,16" },
	"absolute_superashura_0x34":  { "File": "character_supersonic.bmp", "Rect": "180,180,32,32", "Center": "15,17" },
	"absolute_superashura_0x35":  { "File": "character_supersonic.bmp", "Rect": "236,180,32,32", "Center": "12,17" },
	"absolute_superashura_0x36":  { "File": "character_supersonic.bmp", "Rect": "292,176,32,40", "Center": "15,22" },
	"absolute_superashura_0x37":  { "File": "character_supersonic.bmp", "Rect": "348,176,32,40", "Center": "16,20" },
	"absolute_superashura_0x38":  { "File": "character_supersonic.bmp", "Rect": "408,176,24,40", "Center": "12,18" },
	"absolute_superashura_0x39":  { "File": "character_supersonic.bmp", "Rect": "460,180,32,32", "Center": "16,18" },
	"absolute_superashura_0x3a":  { "File": "character_supersonic.bmp", "Rect": "516,180,32,32", "Center": "19,16" },
	"absolute_superashura_0x3b":  { "File": "character_supersonic.bmp", "Rect": "576,176,24,40", "Center": "12,20" },
	"absolute_superashura_0x3c":  { "File": "character_supersonic.bmp", "Rect": "632,176,24,40", "Center": "12,20" },
	"absolute_superashura_0x3d":  { "File": "character_supersonic.bmp", "Rect": "688,172,24,48", "Center": "14,26" },
	"absolute_superashura_0x3e":  { "File": "character_supersonic.bmp", "Rect": "744,180,24,32", "Center": "13,16" },
	"absolute_superashura_0x3f":  { "File": "character_supersonic.bmp", "Rect": "796,180,32,32", "Center": "17,15" },
	"absolute_superashura_0x40":  { "File": "character_supersonic.bmp", "Rect": "852,180,32,32", "Center": "17,14" },
	"absolute_superashura_0x41":  { "File": "character_supersonic.bmp", "Rect": "12,232,32,40", "Center": "17,17" },
	"absolute_superashura_0x42":  { "File": "character_supersonic.bmp", "Rect": "68,232,32,40", "Center": "14,20" },
	"absolute_superashura_0x43":  { "File": "character_supersonic.bmp", "Rect": "128,232,24,40", "Center": "11,20" },
	"absolute_superashura_0x44":  { "File": "character_supersonic.bmp", "Rect": "184,236,24,32", "Center": "12,16" },
	"absolute_superashura_0x45":  { "File": "character_supersonic.bmp", "Rect": "236,240,32,24", "Center": "14,10" },
	"absolute_superashura_0x46":  { "File": "character_supersonic.bmp", "Rect": "296,236,24,32", "Center": "13,13" },
	"absolute_superashura_0x47":  { "File": "character_supersonic.bmp", "Rect": "352,232,24,40", "Center": "13,21" },
	"absolute_superashura_0x48":  { "File": "character_supersonic.bmp", "Rect": "404,232,32,40", "Center": "16,20" },
	"absolute_superashura_0x49":  { "File": "character_supersonic.bmp", "Rect": "456,232,40,40", "Center": "20,24" },
	"absolute_superashura_0x4a":  { "File": "character_supersonic.bmp", "Rect": "516,228,32,48", "Center": "14,22" },
	"absolute_superashura_0x4b":  { "File": "character_supersonic.bmp", "Rect": "572,236,32,32", "Center": "16,21" },
	"absolute_superashura_0x4c":  { "File": "character_supersonic.bmp", "Rect": "628,236,32,32", "Center": "13,15" },
	"absolute_superashura_0x4d":  { "File": "character_supersonic.bmp", "Rect": "684,236,32,32", "Center": "13,18" },
	"absolute_superashura_0x4e":  { "File": "character_supersonic.bmp", "Rect": "740,236,32,32", "Center": "18,14" },
	"absolute_superashura_0x4f":  { "File": "character_supersonic.bmp", "Rect": "792,232,40,40", "Center": "22,22" },
	"absolute_superashura_0x50":  { "File": "character_supersonic.bmp", "Rect": "848,232,40,40", "Center": "21,20" },
	"absolute_superashura_0x51":  { "File": "character_supersonic.bmp", "Rect": "12,292,32,32", "Center": "17,19" },
	"absolute_superashura_0x52":  { "File": "character_supersonic.bmp", "Rect": "68,292,32,32", "Center": "14,17" },
	"absolute_superashura_0x53":  { "File": "character_supersonic.bmp", "Rect": "120,292,40,32", "Center": "24,19" },
	"absolute_superashura_0x54":  { "File": "character_supersonic.bmp", "Rect": "176,292,40,32", "Center": "17,16" },
	"absolute_superashura_0x55":  { "File": "character_supersonic.bmp", "Rect": "235,284,33,44", "Center": "17,20" },
	"absolute_superashura_0x56":  { "File": "character_supersonic.bmp", "Rect": "292,283,32,45", "Center": "17,21" },
	"absolute_superashura_0x57":  { "File": "character_supersonic.bmp", "Rect": "347,283,32,45", "Center": "17,21" },
	"absolute_superashura_0x58":  { "File": "character_supersonic.bmp", "Rect": "408,285,24,43", "Center": "13,20" },
	"absolute_superashura_0x59":  { "File": "character_supersonic.bmp", "Rect": "460,285,32,43", "Center": "17,20" },
	"absolute_superashura_0x5a":  { "File": "character_supersonic.bmp", "Rect": "516,285,32,43", "Center": "16,20" },
	"absolute_superashura_0x5b":  { "File": "character_supersonic.bmp", "Rect": "576,285,24,43", "Center": "13,20" },
	"absolute_superashura_0x5c":  { "File": "character_supersonic.bmp", "Rect": "620,296,48,24", "Center": "20,12" },
	"absolute_superashura_0x5d":  { "File": "character_supersonic.bmp", "Rect": "684,296,32,24", "Center": "4,12" },
	"absolute_superashura_0x5e":  { "File": "character_supersonic.bmp", "Rect": "736,296,40,24", "Center": "30,12" },
	"absolute_superashura_0x5f":  { "File": "character_supersonic.bmp", "Rect": "788,296,48,25", "Center": "27,13" },
	"absolute_superashura_0x60":  { "File": "character_supersonic.bmp", "Rect": "852,296,32,24", "Center": "10,12" },
	"absolute_superashura_0x61":  { "File": "character_supersonic.bmp", "Rect": "8,352,40,24", "Center": "38,12" },
	"absolute_superashura_0x62":  { "File": "character_supersonic.bmp", "Rect": "64,348,40,32", "Center": "20,16" },
	"absolute_superashura_0x63":  { "File": "character_supersonic.bmp", "Rect": "128,340,24,48", "Center": "12,24" },
	"absolute_superashura_0x64":  { "File": "character_supersonic.bmp", "Rect": "184,348,24,32", "Center": "13,15" },
	"absolute_superashura_0x65":  { "File": "character_supersonic.bmp", "Rect": "240,344,24,40", "Center": "12,21" },
	"absolute_superashura_0x66":  { "File": "character_supersonic.bmp", "Rect": "296,340,25,48", "Center": "14,24" },
	"absolute_superashura_0x67":  { "File": "character_supersonic.bmp", "Rect": "352,348,24,32", "Center": "14,16" },
	"absolute_superashura_0x68":  { "File": "character_supersonic.bmp", "Rect": "408,344,24,40", "Center": "14,24" },
	"absolute_superashura_0x69":  { "File": "character_supersonic.bmp", "Rect": "460,344,32,40", "Center": "16,20" },
	"absolute_superashura_0x6a":  { "File": "character_supersonic.bmp", "Rect": "516,344,32,40", "Center": "16,20" },
	"absolute_superashura_0x6b":  { "File": "character_supersonic.bmp", "Rect": "572,348,32,32", "Center": "21,20" },
	"absolute_superashura_0x6c":  { "File": "character_supersonic.bmp", "Rect": "626,348,38,32", "Center": "18,16" },
	"absolute_superashura_0x6d":  { "File": "character_supersonic.bmp", "Rect": "680,348,40,32", "Center": "20,16" },
	"absolute_superashura_0x6e":  { "File": "character_supersonic.bmp", "Rect": "736,348,40,32", "Center": "20,16" },
	"absolute_superashura_0x6f":  { "File": "character_supersonic.bmp", "Rect": "796,348,32,32", "Center": "16,16" },
	"absolute_superashura_0x70":  { "File": "character_supersonic.bmp", "Rect": "852,348,32,32", "Center": "16,14" },
	"absolute_superashura_0x71":  { "File": "character_supersonic.bmp", "Rect": "12,409,35,24", "Center": "15,11" },
	"absolute_superashura_0x72":  { "File": "character_supersonic.bmp", "Rect": "64,404,40,32", "Center": "20,16" },
	"absolute_superashura_0x73":  { "File": "character_supersonic.bmp", "Rect": "120,404,40,32", "Center": "20,16" },
	"absolute_superashura_0x74":  { "File": "character_supersonic.bmp", "Rect": "179,404,34,32", "Center": "17,16" },
	"absolute_superashura_0x75":  { "File": "character_supersonic.bmp", "Rect": "239,404,29,32", "Center": "14,16" },
	"absolute_superashura_0x76":  { "File": "character_supersonic.bmp", "Rect": "292,404,32,32", "Center": "16,16" },
	"absolute_superashura_0x77":  { "File": "character_supersonic.bmp", "Rect": "348,408,32,24", "Center": "16,12" },
	"absolute_superashura_0x78":  { "File": "character_supersonic.bmp", "Rect": "400,396,40,48", "Center": "18,25" },
	"absolute_superashura_0x79":  { "File": "character_supersonic.bmp", "Rect": "452,400,48,40", "Center": "31,26" },
	"absolute_superashura_0x7a":  { "File": "character_supersonic.bmp", "Rect": "508,400,48,40", "Center": "26,23" },
	"absolute_superashura_0x7b":  { "File": "character_supersonic.bmp", "Rect": "568,396,40,48", "Center": "27,18" },
	"absolute_superashura_0x7c":  { "File": "character_supersonic.bmp", "Rect": "624,396,40,48", "Center": "23,22" },
	"absolute_superashura_0x7d":  { "File": "character_supersonic.bmp", "Rect": "676,400,48,40", "Center": "20,13" },
	"absolute_superashura_0x7e":  { "File": "character_supersonic.bmp", "Rect": "732,400,48,40", "Center": "23,17" },
	"absolute_superashura_0x7f":  { "File": "character_supersonic.bmp", "Rect": "792,396,40,48", "Center": "13,28" },
	"absolute_superashura_0x80":  { "File": "character_supersonic.bmp", "Rect": "848,396,40,48", "Center": "17,24" },
	"absolute_superashura_0x81":  { "File": "character_supersonic.bmp", "Rect": "12,452,32,48", "Center": "18,24" },
	"absolute_superashura_0x82":  { "File": "character_supersonic.bmp", "Rect": "68,452,32,48", "Center": "20,24" },
	"absolute_superashura_0x83":  { "File": "character_supersonic.bmp", "Rect": "120,452,40,48", "Center": "22,24" },
	"absolute_superashura_0x84":  { "File": "character_supersonic.bmp", "Rect": "180,452,32,48", "Center": "19,24" },
	"absolute_superashura_0x85":  { "File": "character_supersonic.bmp", "Rect": "236,452,32,48", "Center": "17,24" },
	"absolute_superashura_0x86":  { "File": "character_supersonic.bmp", "Rect": "292,460,32,32", "Center": "12,8" },
	"absolute_superashura_0x87":  { "File": "character_supersonic.bmp", "Rect": "348,460,32,32", "Center": "12,8" },
	"absolute_superashura_0x88":  { "File": "character_supersonic.bmp", "Rect": "404,460,32,32", "Center": "12,8" },
	"absolute_superashura_0x89":  { "File": "character_supersonic.bmp", "Rect": "460,460,32,32", "Center": "12,8" },
	"absolute_superashura_0x8a":  { "File": "character_supersonic.bmp", "Rect": "516,460,32,32", "Center": "12,8" },
	"absolute_superashura_0x8b":  { "File": "character_supersonic.bmp", "Rect": "572,460,32,32", "Center": "12,8" },
	"absolute_superashura_0x8c":  { "File": "character_supersonic.bmp", "Rect": "624,460,41,32", "Center": "21,16" },
	"absolute_superashura_0x8d":  { "File": "character_supersonic.bmp", "Rect": "680,460,41,31", "Center": "21,16" },
	"absolute_superashura_0x8e":  { "File": "character_supersonic.bmp", "Rect": "739,452,29,48", "Center": "16,24" },
	"absolute_superashura_0x8f":  { "File": "character_supersonic.bmp", "Rect": "792,460,40,32", "Center": "23,15" },
	"absolute_superashura_0x90":  { "File": "character_supersonic.bmp", "Rect": "852,452,32,48", "Center": "16,24" },
	"absolute_superashura_0x91":  { "File": "character_supersonic.bmp", "Rect": "8,508,40,48", "Center": "16,25" },
	"absolute_superashura_0x92":  { "File": "character_supersonic.bmp", "Rect": "64,511,40,39", "Center": "16,26" },
	"absolute_superashura_0x93":  { "File": "character_supersonic.bmp", "Rect": "124,511,32,36", "Center": "16,26" },
	"absolute_superashura_0x94":  { "File": "character_supersonic.bmp", "Rect": "180,508,32,48", "Center": "14,24" },
	"absolute_superashura_0x95":  { "File": "character_supersonic.bmp", "Rect": "239,508,25,48", "Center": "11,24" },
	"absolute_superashura_0x96":  { "File": "character_supersonic.bmp", "Rect": "292,516,32,32", "Center": "16,16" },
	"absolute_superashura_0x97":  { "File": "character_supersonic.bmp", "Rect": "348,516,32,32", "Center": "16,16" },
	"absolute_superashura_0x98":  { "File": "character_supersonic.bmp", "Rect": "404,516,32,32", "Center": "16,16" },
	"absolute_superashura_0x99":  { "File": "character_supersonic.bmp", "Rect": "460,516,32,32", "Center": "16,16" },
	"absolute_superashura_0x9a":  { "File": "character_supersonic.bmp", "Rect": "516,516,32,32", "Center": "16,16" },
	"absolute_superashura_0x9b":  { "File": "character_supersonic.bmp", "Rect": "568,516,40,32", "Center": "16,12" },
	"absolute_superashura_0x9c":  { "File": "character_supersonic.bmp", "Rect": "624,516,40,32", "Center": "16,12" },
	"absolute_superashura_0x9d":  { "File": "character_supersonic.bmp", "Rect": "679,509,40,43", "Center": "19,22" },
	"absolute_superashura_0x9e":  { "File": "character_supersonic.bmp", "Rect": "734,510,40,42", "Center": "19,21" },
	"absolute_superashura_0x9f":  { "File": "character_supersonic.bmp", "Rect": "792,511,36,41", "Center": "18,21" },
	"absolute_superashura_0xa0":  { "File": "character_supersonic.bmp", "Rect": "852,507,32,45", "Center": "17,20" },
	"absolute_superashura_0xa1":  { "File": "character_supersonic.bmp", "Rect": "7,564,42,48", "Center": "24,27" },
	"absolute_superashura_0xa2":  { "File": "character_supersonic.bmp", "Rect": "63,564,42,48", "Center": "23,27" },
	"absolute_superashura_0xa3":  { "File": "character_supersonic.bmp", "Rect": "120,564,40,48", "Center": "21,27" },
	"absolute_superashura_0xa4":  { "File": "character_supersonic.bmp", "Rect": "175,564,42,48", "Center": "24,27" },
	"absolute_superashura_0xa5":  { "File": "character_supersonic.bmp", "Rect": "231,564,42,48", "Center": "23,27" },
	"absolute_superashura_0xa6":  { "File": "character_supersonic.bmp", "Rect": "288,564,40,48", "Center": "21,27" },
	"absolute_superashura_0xa7":  { "File": "character_supersonic.bmp", "Rect": "342,568,40,46", "Center": "16,20" },
	"absolute_superashura_0xa9":  { "File": "character_supersonic.bmp", "Rect": "454,568,40,40", "Center": "16,20" },
	"absolute_superashura_0xaa":  { "File": "character_supersonic.bmp", "Rect": "504,576,56,24", "Center": "26,12" },
	"absolute_superashura_0xab":  { "File": "character_supersonic.bmp", "Rect": "560,576,56,24", "Center": "26,12" },
	"absolute_superashura_0xac":  { "File": "character_supersonic.bmp", "Rect": "624,568,40,40", "Center": "20,20" },
	"absolute_superashura_0xb4":  { "File": "character_supersonic.bmp", "Rect": "184,616,24,56", "Center": "11,26" },
	"absolute_superashura_0xb5":  { "File": "character_supersonic.bmp", "Rect": "240,616,24,56", "Center": "11,26" },
	"absolute_superashura_0xb6":  { "File": "character_supersonic.bmp", "Rect": "292,620,32,48", "Center": "19,28" },
	"absolute_superashura_0xb7":  { "File": "character_supersonic.bmp", "Rect": "348,620,32,48", "Center": "19,27" },
	"absolute_superashura_0xb8":  { "File": "character_supersonic.bmp", "Rect": "404,620,32,48", "Center": "19,28" },
	"absolute_superashura_0xb9":  { "File": "character_supersonic.bmp", "Rect": "460,620,32,48", "Center": "19,27" },
	"absolute_superashura_0xba":  { "File": "character_supersonic.bmp", "Rect": "512,620,40,48", "Center": "24,28" },
	"absolute_superashura_0xbb":  { "File": "character_supersonic.bmp", "Rect": "568,620,40,48", "Center": "25,28" },
	"absolute_superashura_0xbc":  { "File": "character_supersonic.bmp", "Rect": "624,620,40,48", "Center": "25,28" },
	"absolute_superashura_0xbd":  { "File": "character_supersonic.bmp", "Rect": "680,620,40,48", "Center": "24,28" },
	"absolute_superashura_0xbe":  { "File": "character_supersonic.bmp", "Rect": "736,620,40,48", "Center": "25,28" },
	"absolute_superashura_0xbf":  { "File": "character_supersonic.bmp", "Rect": "792,620,40,48", "Center": "25,28" },
	"absolute_superashura_0xc0":  { "File": "character_supersonic.bmp", "Rect": "848,620,40,48", "Center": "24,28" },
	"absolute_superashura_0xc1":  { "File": "character_supersonic.bmp", "Rect": "8,676,40,48", "Center": "25,28" },
	"absolute_superashura_0xc2":  { "File": "character_supersonic.bmp", "Rect": "64,676,40,48", "Center": "25,28" },
	"absolute_superashura_0xc3":  { "File": "character_supersonic.bmp", "Rect": "124,680,32,40", "Center": "20,20" },
	"absolute_superashura_0xc4":  { "File": "character_supersonic.bmp", "Rect": "176,680,40,40", "Center": "28,18" },
	"absolute_superashura_0xc5":  { "File": "character_supersonic.bmp", "Rect": "232,676,40,48", "Center": "24,28" },
	"absolute_superashura_0xc6":  { "File": "character_supersonic.bmp", "Rect": "288,676,40,48", "Center": "25,28" },
	"absolute_superashura_0xc7":  { "File": "character_supersonic.bmp", "Rect": "344,676,40,48", "Center": "25,28" },
	"absolute_superashura_0xc8":  { "File": "character_supersonic.bmp", "Rect": "396,687,48,25", "Center": "29,13" },
	"absolute_superashura_0xc9":  { "File": "character_supersonic.bmp", "Rect": "456,687,40,25", "Center": "20,13" },
	"absolute_superashura_0xca":  { "File": "character_supersonic.bmp", "Rect": "511,687,44,25", "Center": "17,13" },
	"absolute_superashura_0xcb":  { "File": "character_supersonic.bmp", "Rect": "566,687,40,25", "Center": "21,13" },
	"absolute_superashura_0xcc":  { "File": "character_supersonic.bmp", "Rect": "620,685,48,27", "Center": "18,13" },
	"absolute_superashura_0xcd":  { "File": "character_supersonic.bmp", "Rect": "680,687,40,25", "Center": "22,13" },
	"absolute_superashura_0xce":  { "File": "character_supersonic.bmp", "Rect": "740,686,32,26", "Center": "17,14" },
	"absolute_superashura_0xcf":  { "File": "character_supersonic.bmp", "Rect": "792,687,40,25", "Center": "17,13" },
	"absolute_superashura_0xd0":  { "File": "character_supersonic.bmp", "Rect": "848,684,41,32", "Center": "21,8" },
	"absolute_superashura_0xd1":  { "File": "character_supersonic.bmp", "Rect": "8,740,41,32", "Center": "21,8" },
	"absolute_superashura_0xd2":  { "File": "character_supersonic.bmp", "Rect": "72,740,24,32", "Center": "12,16" },
	"absolute_superashura_0xd3":  { "File": "character_supersonic.bmp", "Rect": "124,732,32,48", "Center": "13,24" },
	"absolute_superashura_0xd4":  { "File": "character_supersonic.bmp", "Rect": "180,732,32,48", "Center": "16,24" },
	"absolute_superashura_0xd5":  { "File": "character_supersonic.bmp", "Rect": "236,732,32,48", "Center": "16,24" },
	"absolute_superashura_0xd6":  { "File": "character_supersonic.bmp", "Rect": "292,732,32,48", "Center": "16,24" },
	"absolute_superashura_0xd7":  { "File": "character_supersonic.bmp", "Rect": "344,740,41,32", "Center": "25,12" },
	"absolute_superashura_0xd8":  { "File": "character_supersonic.bmp", "Rect": "400,740,41,32", "Center": "25,13" },
	"absolute_superashura_0xdf":  { "File": "character_supersonic.bmp", "Rect": "796,736,36,40", "Center": "16,20" },
	"absolute_superashura_0xe0":  { "File": "character_supersonic.bmp", "Rect": "858,741,34,32", "Center": "12,16" },
	"absolute_superashura_0xe1":  { "File": "character_supersonic.bmp", "Rect": "16,792,24,40", "Center": "10,20" },
	"absolute_superashura_0xe2":  { "File": "character_supersonic.bmp", "Rect": "68,792,32,40", "Center": "16,20" },
	"absolute_superashura_0xe3":  { "File": "character_supersonic.bmp", "Rect": "120,788,40,48", "Center": "20,24" },
	"absolute_superashura_0xe4":  { "File": "character_supersonic.bmp", "Rect": "178,788,32,48", "Center": "18,24" },
	"absolute_superashura_0xe5":  { "File": "character_supersonic.bmp", "Rect": "236,788,30,48", "Center": "16,24" },
	"absolute_superashura_0xe6":  { "File": "character_supersonic.bmp", "Rect": "291,788,31,48", "Center": "17,25" },
	"absolute_superashura_0xe7":  { "File": "character_supersonic.bmp", "Rect": "350,788,24,48", "Center": "12,24" },
	"absolute_superashura_0xe8":  { "File": "character_supersonic.bmp", "Rect": "404,788,32,48", "Center": "16,24" },
	"absolute_superashura_0xe9":  { "File": "character_supersonic.bmp", "Rect": "458,788,32,48", "Center": "16,24" },
	"absolute_superashura_0xea":  { "File": "character_supersonic.bmp", "Rect": "518,788,24,48", "Center": "12,24" },
	"absolute_superashura_0xef":  { "File": "character_supersonic.bmp", "Rect": "796,792,39,40", "Center": "20,21" },
	"absolute_superashura_0xf0":  { "File": "character_supersonic.bmp", "Rect": "852,792,38,40", "Center": "20,21" },
	"absolute_superashura_0xf1":  { "File": "character_supersonic.bmp", "Rect": "14,848,33,40", "Center": "18,21" },
	"absolute_superashura_0xf2":  { "File": "character_supersonic.bmp", "Rect": "72,848,24,40", "Center": "12,21" },
	"absolute_superashura_0xf3":  { "File": "character_supersonic.bmp", "Rect": "128,848,35,40", "Center": "14,21" },
	"absolute_superashura_0xf4":  { "File": "character_supersonic.bmp", "Rect": "180,848,38,40", "Center": "14,21" },
	"absolute_superashura_0xf5":  { "File": "character_supersonic.bmp", "Rect": "236,848,39,40", "Center": "15,21" },
	"absolute_superashura_0xf6":  { "File": "character_supersonic.bmp", "Rect": "292,847,32,40", "Center": "15,21" },
	"absolute_superashura_0xf7":  { "File": "character_supersonic.bmp", "Rect": "352,847,24,40", "Center": "12,21" },
	"absolute_superashura_0xf8":  { "File": "character_supersonic.bmp", "Rect": "408,846,25,40", "Center": "12,22" },
	"absolute_superashura_0xf9":  { "File": "character_supersonic.bmp", "Rect": "464,847,29,40", "Center": "13,21" },
	"absolute_superashura_0xfa":  { "File": "character_supersonic.bmp", "Rect": "516,848,32,40", "Center": "16,20" },
	"absolute_superashura_0xeb": { "File": "character_supersonic.bmp", "Rect": "568,788,40,48", "Center": "20,24" },
	"absolute_superashura_0xec": { "File": "character_supersonic.bmp", "Rect": "620,794,48,40", "Center": "24,18" },
	"absolute_superashura_0xed": { "File": "character_supersonic.bmp", "Rect": "684,788,32,48", "Center": "16,24" },
	"absolute_superashura_0xee": { "File": "character_supersonic.bmp", "Rect": "732,792,48,40", "Center": "24,20" },
	"absolute_superashura_0xef": { "File": "character_supersonic.bmp", "Rect": "796,791,32,40", "Center": "16,21" },
	"absolute_superashura_0xf0": { "File": "character_supersonic.bmp", "Rect": "852,791,32,40", "Center": "16,21" },
	"absolute_superashura_0xf1": { "File": "character_supersonic.bmp", "Rect": "15,847,24,40", "Center": "13,21" },
	"absolute_superashura_0xf2": { "File": "character_supersonic.bmp", "Rect": "72,847,24,40", "Center": "12,21" },
	"absolute_superashura_0xf3": { "File": "character_supersonic.bmp", "Rect": "128,847,24,40", "Center": "12,21" },
	"absolute_superashura_0xf4": { "File": "character_supersonic.bmp", "Rect": "180,847,32,40", "Center": "16,21" },
	"absolute_superashura_0xf5": { "File": "character_supersonic.bmp", "Rect": "236,847,32,40", "Center": "16,21" },
	"absolute_superashura_0xf6": { "File": "character_supersonic.bmp", "Rect": "292,847,32,40", "Center": "16,21" },
	"absolute_superashura_0xf7": { "File": "character_supersonic.bmp", "Rect": "352,847,24,40", "Center": "12,21" },
	"absolute_superashura_0xf8": { "File": "character_supersonic.bmp", "Rect": "408,846,25,40", "Center": "12,22" },
	"absolute_superashura_0xf9": { "File": "character_supersonic.bmp", "Rect": "463,847,25,40", "Center": "13,21" },
	"absolute_superashura_0xfa": { "File": "character_supersonic.bmp", "Rect": "516,848,32,40", "Center": "16,20" }
}