{
	"cooler_ashura_0x01":  { "File": "character_coolersenic.bmp", "Rect": "30,0,31,40", "Center": "19,20" },
	"cooler_ashura_0x02":  { "File": "character_coolersenic.bmp", "Rect": "61,3,40,38", "Center": "24,18" },
	"cooler_ashura_0x03":  { "File": "character_coolersenic.bmp", "Rect": "104,1,45,40", "Center": "29,21" },
	"cooler_ashura_0x04":  { "File": "character_coolersenic.bmp", "Rect": "151,3,38,38", "Center": "26,19" },
	"cooler_ashura_0x05":  { "File": "character_coolersenic.bmp", "Rect": "190,2,33,39", "Center": "20,20" },
	"cooler_ashura_0x06":  { "File": "character_coolersenic.bmp", "Rect": "225,2,37,39", "Center": "23,20" },
	"cooler_ashura_0x07":  { "File": "character_coolersenic.bmp", "Rect": "265,1,42,40", "Center": "27,21" },
	"cooler_ashura_0x08":  { "File": "character_coolersenic.bmp", "Rect": "311,4,39,37", "Center": "26,18" },
	"cooler_ashura_0x09":  { "File": "character_coolersenic.bmp", "Rect": "358,4,36,37", "Center": "21,18" },
	"cooler_ashura_0x0a":  { "File": "character_coolersenic.bmp", "Rect": "397,5,40,44", "Center": "21,17" },
	"cooler_ashura_0x0b":  { "File": "character_coolersenic.bmp", "Rect": "440,5,41,43", "Center": "21,17" },
	"cooler_ashura_0x0c":  { "File": "character_coolersenic.bmp", "Rect": "480,5,43,40", "Center": "23,18" },
	"cooler_ashura_0x0d":  { "File": "character_coolersenic.bmp", "Rect": "522,4,40,39", "Center": "22,18" },
	"cooler_ashura_0x0e":  { "File": "character_coolersenic.bmp", "Rect": "563,4,43,46", "Center": "22,19" },
	"cooler_ashura_0x0f":  { "File": "character_coolersenic.bmp", "Rect": "607,4,42,41", "Center": "23,18" },
	"cooler_ashura_0x10":  { "File": "character_coolersenic.bmp", "Rect": "652,3,40,41", "Center": "22,19" },
	"cooler_ashura_0x21":  { "File": "character_coolersenic.bmp", "Rect": "47,52,47,40", "Center": "21,18" },
	"cooler_ashura_0x22":  { "File": "character_coolersenic.bmp", "Rect": "95,52,46,40", "Center": "21,18" },
	"cooler_ashura_0x23":  { "File": "character_coolersenic.bmp", "Rect": "142,52,48,40", "Center": "22,18" },
	"cooler_ashura_0x24":  { "File": "character_coolersenic.bmp", "Rect": "190,52,48,40", "Center": "22,18" },
	"cooler_ashura_0x25":  { "File": "character_coolersenic.bmp", "Rect": "243,54,44,44", "Center": "18,18" },
	"cooler_ashura_0x26":  { "File": "character_coolersenic.bmp", "Rect": "291,55,45,42", "Center": "18,17" },
	"cooler_ashura_0x27":  { "File": "character_coolersenic.bmp", "Rect": "340,54,41,46", "Center": "17,18" },
	"cooler_ashura_0x28":  { "File": "character_coolersenic.bmp", "Rect": "385,54,46,45", "Center": "20,18" },
	"cooler_ashura_0x29":  { "File": "character_coolersenic.bmp", "Rect": "736,339,40,48", "Center": "17,26" },
	"cooler_ashura_0x2a":  { "File": "character_coolersenic.bmp", "Rect": "735,292,40,46", "Center": "18,25" },
	"cooler_ashura_0x2b":  { "File": "character_coolersenic.bmp", "Rect": "735,243,40,49", "Center": "18,26" },
	"cooler_ashura_0x2c":  { "File": "character_coolersenic.bmp", "Rect": "735,194,40,49", "Center": "18,27" },
	"cooler_ashura_0x2d":  { "File": "character_coolersenic.bmp", "Rect": "737,147,45,42", "Center": "19,26" },
	"cooler_ashura_0x2e":  { "File": "character_coolersenic.bmp", "Rect": "738,98,42,45", "Center": "18,27" },
	"cooler_ashura_0x2f":  { "File": "character_coolersenic.bmp", "Rect": "737,51,45,42", "Center": "19,26" },
	"cooler_ashura_0x30":  { "File": "character_coolersenic.bmp", "Rect": "738,2,46,46", "Center": "18,27" },
	"cooler_ashura_0x31":  { "File": "character_coolersenic.bmp", "Rect": "449,63,43,27", "Center": "18,14" },
	"cooler_ashura_0x32":  { "File": "character_coolersenic.bmp", "Rect": "495,58,38,35", "Center": "16,22" },
	"cooler_ashura_0x33":  { "File": "character_coolersenic.bmp", "Rect": "534,62,32,45", "Center": "15,26" },
	"cooler_ashura_0x34":  { "File": "character_coolersenic.bmp", "Rect": "566,58,47,45", "Center": "20,27" },
	"cooler_ashura_0x35":  { "File": "character_coolersenic.bmp", "Rect": "449,63,44,26", "Center": "18,14" },
	"cooler_ashura_0x36":  { "File": "character_coolersenic.bmp", "Rect": "495,59,37,34", "Center": "16,21" },
	"cooler_ashura_0x37":  { "File": "character_coolersenic.bmp", "Rect": "535,62,29,44", "Center": "14,26" },
	"cooler_ashura_0x38":  { "File": "character_coolersenic.bmp", "Rect": "567,60,46,40", "Center": "21,25" },
	"cooler_ashura_0x39":  { "File": "character_coolersenic.bmp", "Rect": "612,62,41,40", "Center": "21,20" },
	"cooler_ashura_0x3a":  { "File": "character_coolersenic.bmp", "Rect": "612,62,41,40", "Center": "21,20" },
	"cooler_ashura_0x3b":  { "File": "character_coolersenic.bmp", "Rect": "612,62,41,40", "Center": "21,20" },
	"cooler_ashura_0x3c":  { "File": "character_coolersenic.bmp", "Rect": "612,62,41,40", "Center": "21,20" },
	"cooler_ashura_0x8e":  { "File": "character_coolersenic.bmp", "Rect": "1,42,34,48", "Center": "18,24" },
	"cooler_ashura_0x97":  { "File": "character_coolersenic.bmp", "Rect": "0,99,36,34", "Center": "19,19" },
	"cooler_ashura_0x98":  { "File": "character_coolersenic.bmp", "Rect": "45,100,30,33", "Center": "15,16" },
	"cooler_ashura_0x99":  { "File": "character_coolersenic.bmp", "Rect": "80,101,34,33", "Center": "19,17" },
	"cooler_ashura_0x9a":  { "File": "character_coolersenic.bmp", "Rect": "116,100,32,35", "Center": "16,19" },
	"cooler_ashura_0x9b":  { "File": "character_coolersenic.bmp", "Rect": "160,106,35,31", "Center": "15,11" },
	"cooler_ashura_0x9c":  { "File": "character_coolersenic.bmp", "Rect": "160,106,35,31", "Center": "15,11" },
	"cooler_ashura_0x9d":  { "File": "character_coolersenic.bmp", "Rect": "242,111,44,38", "Center": "23,19" },
	"cooler_ashura_0x9e":  { "File": "character_coolersenic.bmp", "Rect": "298,116,43,39", "Center": "21,20" },
	"cooler_ashura_0x9f":  { "File": "character_coolersenic.bmp", "Rect": "348,116,39,39", "Center": "15,20" },
	"cooler_ashura_0xa0":  { "File": "character_coolersenic.bmp", "Rect": "394,110,42,39", "Center": "26,19" },
	"cooler_ashura_0xa7":  { "File": "character_coolersenic.bmp", "Rect": "504,112,41,42", "Center": "16,20" },
	"cooler_ashura_0xaa":  { "File": "character_coolersenic.bmp", "Rect": "560,117,31,43", "Center": "21,12" },
	"cooler_ashura_0xab":  { "File": "character_coolersenic.bmp", "Rect": "605,117,31,43", "Center": "21,13" },
	"cooler_ashura_0xad":  { "File": "character_coolersenic.bmp", "Rect": "573,197,32,39", "Center": "12,19" },
	"cooler_ashura_0xae":  { "File": "character_coolersenic.bmp", "Rect": "608,197,28,39", "Center": "12,19" },
	"cooler_ashura_0xaf":  { "File": "character_coolersenic.bmp", "Rect": "634,196,33,40", "Center": "17,20" },
	"cooler_ashura_0xb0":  { "File": "character_coolersenic.bmp", "Rect": "41,165,38,43", "Center": "17,23" },
	"cooler_ashura_0xb1":  { "File": "character_coolersenic.bmp", "Rect": "88,165,32,42", "Center": "16,22" },
	"cooler_ashura_0xb2":  { "File": "character_coolersenic.bmp", "Rect": "122,165,30,42", "Center": "15,22" },
	"cooler_ashura_0xb3":  { "File": "character_coolersenic.bmp", "Rect": "153,165,31,42", "Center": "16,22" },
	"cooler_ashura_0xb4":  { "File": "character_coolersenic.bmp", "Rect": "190,207,47,29", "Center": "23,26" },
	"cooler_ashura_0xb5":  { "File": "character_coolersenic.bmp", "Rect": "191,162,46,29", "Center": "23,26" },
	"cooler_ashura_0xb6":  { "File": "character_coolersenic.bmp", "Rect": "247,162,31,40", "Center": "18,20" },
	"cooler_ashura_0xb7":  { "File": "character_coolersenic.bmp", "Rect": "281,162,26,40", "Center": "13,20" },
	"cooler_ashura_0xb8":  { "File": "character_coolersenic.bmp", "Rect": "309,159,28,40", "Center": "15,20" },
	"cooler_ashura_0xb9":  { "File": "character_coolersenic.bmp", "Rect": "341,164,24,36", "Center": "11,15" },
	"cooler_ashura_0xba":  { "File": "character_coolersenic.bmp", "Rect": "1,0,29,40", "Center": "16,20" },
	"cooler_ashura_0xbb":  { "File": "character_coolersenic.bmp", "Rect": "372,175,32,40", "Center": "17,20" },
	"cooler_ashura_0xbc":  { "File": "character_coolersenic.bmp", "Rect": "403,175,32,40", "Center": "17,20" },
	"cooler_ashura_0xbd":  { "File": "character_coolersenic.bmp", "Rect": "437,173,32,42", "Center": "15,22" },
	"cooler_ashura_0xbe":  { "File": "character_coolersenic.bmp", "Rect": "470,171,32,42", "Center": "15,22" },
	"cooler_ashura_0xc4":  { "File": "character_coolersenic.bmp", "Rect": "1,162,36,40", "Center": "21,20" },
	"cooler_ashura_0xd9":  { "File": "character_coolersenic.bmp", "Rect": "608,196,26,40", "Center": "12,20" },
	"cooler_ashura_peelout_3":  { "File": "character_coolersenic.bmp", "Rect": "157,257,41,40", "Center": "20,17" },
	"cooler_ashura_peelout_2":  { "File": "character_coolersenic.bmp", "Rect": "113,257,34,40", "Center": "20,17" },
	"cooler_ashura_peelout_1":  { "File": "character_coolersenic.bmp", "Rect": "69,257,40,40", "Center": "21,17" },
	"cooler_ashura_peelout_0":  { "File": "character_coolersenic.bmp", "Rect": "17,257,42,40", "Center": "27,17" }
}