{
	"character_slot168_0xa1":  { "File": "character_ashura.bmp", "Rect": "3,5,36,40", "Center": "21,20" },
	"character_slot168_0xa3":  { "File": "character_ashura.bmp", "Rect": "48,1,32,48", "Center": "21,28" },
	"character_slot168_0xa4":  { "File": "character_ashura.bmp", "Rect": "85,6,40,40", "Center": "30,20" },
	"character_slot168_0xa5":  { "File": "character_ashura.bmp", "Rect": "130,6,40,40", "Center": "29,20" },
	"character_slot168_0xa9":  { "File": "character_ashura.bmp", "Rect": "188,6,40,40", "Center": "16,20" },
	"character_slot168_0xac":  { "File": "character_ashura.bmp", "Rect": "237,6,40,40", "Center": "20,20" },
	"character_slot168_0x8c":  { "File": "character_ashura.bmp", "Rect": "8,73,40,32", "Center": "20,16" },
	"character_slot168_0x8d":  { "File": "character_ashura.bmp", "Rect": "64,73,40,32", "Center": "20,17" },
	"character_slot168_0xd0":  { "File": "character_ashura.bmp", "Rect": "8,73,40,32", "Center": "20,8" },
	"character_slot168_0xd1":  { "File": "character_ashura.bmp", "Rect": "64,73,40,32", "Center": "20,9" },
	"character_slot168_0xd7":  { "File": "character_ashura.bmp", "Rect": "8,73,40,32", "Center": "24,12" },
	"character_slot168_0xd8":  { "File": "character_ashura.bmp", "Rect": "64,73,40,32", "Center": "24,13" },
	"character_slot168_0xd6":  { "File": "character_ashura.bmp", "Rect": "151,56,32,48", "Center": "16,24" },
	"character_slot168_0xd5":  { "File": "character_ashura.bmp", "Rect": "114,56,32,48", "Center": "16,24" },
	"character_slot168_0x01":  { "File": "character_ashura.bmp", "Rect": "402,66,40,40", "Center": "20,20" },
	"character_slot168_0x09":  { "File": "character_ashura.bmp", "Rect": "456,3,40,46", "Center": "21,19" },
	"character_slot168_0x11":  { "File": "character_ashura.bmp", "Rect": "350,64,40,39", "Center": "20,19" },
	"character_slot168_0x19":  { "File": "character_ashura.bmp", "Rect": "449,65,46,40", "Center": "18,17" },
	"character_slot168_peelout_0":  { "File": "character_ashura.bmp", "Rect": "287,5,40,40", "Center": "20,20" },
	"character_slot168_peelout_1":  { "File": "character_ashura.bmp", "Rect": "328,5,40,40", "Center": "20,20" },
	"character_slot168_peelout_2":  { "File": "character_ashura.bmp", "Rect": "369,5,40,40", "Center": "20,20" },
	"character_slot168_peelout_3":  { "File": "character_ashura.bmp", "Rect": "410,5,40,40", "Center": "20,20" },
	"ashura_victory_0":  { "File": "character_ashura.bmp", "Rect": "195,64,30,39", "Center": "17,19" },
	"ashura_victory_1":  { "File": "character_ashura.bmp", "Rect": "232,64,32,39", "Center": "18,19" },
	"ashura_victory_2":  { "File": "character_ashura.bmp", "Rect": "270,64,32,39", "Center": "18,19" },
	"ashura_victory_3":  { "File": "character_ashura.bmp", "Rect": "307,64,32,39", "Center": "18,19" },
	"cutscene_ashura_5_0x00":  { "File": "intro.png", "Rect": "0,130,41,25", "Center": "21,13" },
	"cutscene_ashura_5_0x01":  { "File": "intro.png", "Rect": "44,130,41,25", "Center": "21,13" },
	"cutscene_ashura_5_0x02":  { "File": "intro.png", "Rect": "132,130,41,25", "Center": "21,13" },
	"cutscene_ashura_5_0x03":  { "File": "intro.png", "Rect": "176,130,41,25", "Center": "21,13" },
	"cutscene_ashura_5_0x04":  { "File": "intro.png", "Rect": "88,130,41,25", "Center": "21,13" },
	"cutscene_ashura_2_0x03":  { "File": "intro.png", "Rect": "219,127,40,28", "Center": "20,7" },
	"cutscene_ashura_2_0x04":  { "File": "intro.png", "Rect": "300,133,39,22", "Center": "23,2" },
	"cutscene_ashura_2_0x05":  { "File": "intro.png", "Rect": "260,134,39,21", "Center": "23,1" },
	"cutscene_ashura_2_0x06":  { "File": "intro.png", "Rect": "339,131,36,24", "Center": "20,4" },
	"cutscene_ashura_2_0x07":  { "File": "intro.png", "Rect": "375,131,34,24", "Center": "18,4" },
	"cutscene_ashura_2_0x08":  { "File": "intro.png", "Rect": "409,131,35,24", "Center": "19,4" },
	"cutscene_ashura_2_0x09":  { "File": "intro.png", "Rect": "352,92,35,38", "Center": "19,18" },
	"cutscene_ashura_2_0x0a":  { "File": "intro.png", "Rect": "391,92,35,38", "Center": "19,18" },
	"character_ashura_0x01":  { "File": "intro.png", "Rect": "8,84,40,40", "Center": "20,20" },
	"character_ashura_0x02":  { "File": "intro.png", "Rect": "49,84,40,40", "Center": "20,19" },
	"character_ashura_0x03":  { "File": "intro.png", "Rect": "90,84,32,40", "Center": "20,18" },
	"character_ashura_0x04":  { "File": "intro.png", "Rect": "123,84,32,40", "Center": "18,20" },
	"character_ashura_0x05":  { "File": "intro.png", "Rect": "156,84,40,40", "Center": "18,20" },
	"character_ashura_0x06":  { "File": "intro.png", "Rect": "197,84,40,40", "Center": "19,19" },
	"character_ashura_0x07":  { "File": "intro.png", "Rect": "238,84,32,40", "Center": "20,18" },
	"character_ashura_0x08":  { "File": "intro.png", "Rect": "271,84,32,40", "Center": "20,20" },
	"character_ashura_0x8d":  { "File": "intro.png", "Rect": "309,98,39,32", "Center": "14,21" },
	"ashura_frozen_0":  { "File": "character_ashura.bmp", "Rect": "499,8,35,39", "Center": "15,20" },
	"ashura_frozen_1":  { "File": "character_ashura.bmp", "Rect": "499,65,35,39", "Center": "15,20" }
}