{
	"cooler_superashura_0x01":  { "File": "character_coolersuper.bmp", "Rect": "0,4,30,50", "Center": "17,28" },
	"cooler_superashura_0x02":  { "File": "character_coolersuper.bmp", "Rect": "32,4,33,50", "Center": "18,28" },
	"cooler_superashura_0x03":  { "File": "character_coolersuper.bmp", "Rect": "0,4,32,50", "Center": "17,28" },
	"cooler_superashura_0x04":  { "File": "character_coolersuper.bmp", "Rect": "32,4,31,50", "Center": "18,28" },
	"cooler_superashura_0x05":  { "File": "character_coolersuper.bmp", "Rect": "0,4,31,49", "Center": "17,28" },
	"cooler_superashura_0x06":  { "File": "character_coolersuper.bmp", "Rect": "32,4,31,50", "Center": "18,28" },
	"cooler_superashura_0x07":  { "File": "character_coolersuper.bmp", "Rect": "0,4,29,50", "Center": "17,28" },
	"cooler_superashura_0x08":  { "File": "character_coolersuper.bmp", "Rect": "33,4,30,50", "Center": "17,28" },
	"cooler_superashura_0x09":  { "File": "character_superashura.bmp", "Rect": "452,0,48,56", "Center": "29,29" },
	"cooler_superashura_0x0a":  { "File": "character_superashura.bmp", "Rect": "504,4,56,48", "Center": "29,25" },
	"cooler_superashura_0x0b":  { "File": "character_superashura.bmp", "Rect": "564,8,48,40", "Center": "29,21" },
	"cooler_superashura_0x0c":  { "File": "character_superashura.bmp", "Rect": "616,4,56,48", "Center": "29,29" },
	"cooler_superashura_0x0d":  { "File": "character_superashura.bmp", "Rect": "676,0,48,56", "Center": "29,29" },
	"cooler_superashura_0x0e":  { "File": "character_superashura.bmp", "Rect": "728,4,56,48", "Center": "29,21" },
	"cooler_superashura_0x0f":  { "File": "character_superashura.bmp", "Rect": "788,4,48,48", "Center": "29,29" },
	"cooler_superashura_0x10":  { "File": "character_superashura.bmp", "Rect": "844,8,48,40", "Center": "29,21" },
	"cooler_superashura_0x11":  { "File": "character_superashura.bmp", "Rect": "4,64,48,40", "Center": "28,20" },
	"cooler_superashura_0x12":  { "File": "character_superashura.bmp", "Rect": "60,64,48,40", "Center": "27,20" },
	"cooler_superashura_0x13":  { "File": "character_superashura.bmp", "Rect": "116,68,48,32", "Center": "26,12" },
	"cooler_superashura_0x14":  { "File": "character_superashura.bmp", "Rect": "172,67,48,34", "Center": "28,14" },
	"cooler_superashura_0x15":  { "File": "character_superashura.bmp", "Rect": "228,63,48,42", "Center": "28,22" },
	"cooler_superashura_0x16":  { "File": "character_superashura.bmp", "Rect": "284,63,48,41", "Center": "27,21" },
	"cooler_superashura_0x17":  { "File": "character_superashura.bmp", "Rect": "340,68,48,32", "Center": "26,12" },
	"cooler_superashura_0x18":  { "File": "character_superashura.bmp", "Rect": "396,68,48,32", "Center": "28,12" },
	"cooler_superashura_0x19":  { "File": "character_superashura.bmp", "Rect": "448,60,56,48", "Center": "28,20" },
	"cooler_superashura_0x1a":  { "File": "character_superashura.bmp", "Rect": "508,56,48,56", "Center": "24,28" },
	"cooler_superashura_0x1b":  { "File": "character_superashura.bmp", "Rect": "568,60,40,48", "Center": "20,20" },
	"cooler_superashura_0x1c":  { "File": "character_superashura.bmp", "Rect": "620,56,48,56", "Center": "28,28" },
	"cooler_superashura_0x1d":  { "File": "character_superashura.bmp", "Rect": "672,60,56,48", "Center": "28,20" },
	"cooler_superashura_0x1e":  { "File": "character_superashura.bmp", "Rect": "732,56,48,56", "Center": "20,28" },
	"cooler_superashura_0x1f":  { "File": "character_superashura.bmp", "Rect": "788,60,48,48", "Center": "28,20" },
	"cooler_superashura_0x20":  { "File": "character_superashura.bmp", "Rect": "848,60,40,48", "Center": "20,20" },
	"cooler_superashura_0x21":  { "File": "character_coolersuper.bmp", "Rect": "63,6,40,40", "Center": "27,21" },
	"cooler_superashura_0x22":  { "File": "character_coolersuper.bmp", "Rect": "105,5,40,40", "Center": "27,21" },
	"cooler_superashura_0x23":  { "File": "character_coolersuper.bmp", "Rect": "63,6,40,40", "Center": "27,21" },
	"cooler_superashura_0x24":  { "File": "character_coolersuper.bmp", "Rect": "105,5,40,40", "Center": "27,21" },
	"cooler_superashura_0x25":  { "File": "character_superashura.bmp", "Rect": "232,116,40,48", "Center": "28,22" },
	"cooler_superashura_0x26":  { "File": "character_superashura.bmp", "Rect": "288,116,40,48", "Center": "28,23" },
	"cooler_superashura_0x27":  { "File": "character_superashura.bmp", "Rect": "344,116,40,48", "Center": "28,22" },
	"cooler_superashura_0x28":  { "File": "character_superashura.bmp", "Rect": "400,116,40,48", "Center": "28,23" },
	"cooler_superashura_0x29":  { "File": "character_superashura.bmp", "Rect": "456,120,40,40", "Center": "21,12" },
	"cooler_superashura_0x2a":  { "File": "character_superashura.bmp", "Rect": "512,120,40,40", "Center": "21,12" },
	"cooler_superashura_0x2b":  { "File": "character_superashura.bmp", "Rect": "568,120,40,40", "Center": "21,12" },
	"cooler_superashura_0x2c":  { "File": "character_superashura.bmp", "Rect": "624,120,40,40", "Center": "21,12" },
	"cooler_superashura_0x2d":  { "File": "character_superashura.bmp", "Rect": "676,120,48,40", "Center": "22,12" },
	"cooler_superashura_0x2e":  { "File": "character_superashura.bmp", "Rect": "732,120,48,40", "Center": "23,12" },
	"cooler_superashura_0x2f":  { "File": "character_superashura.bmp", "Rect": "788,120,48,40", "Center": "22,12" },
	"cooler_superashura_0x30":  { "File": "character_superashura.bmp", "Rect": "844,120,48,40", "Center": "23,12" },
	"cooler_superashura_0x31":  { "File": "character_coolersuper.bmp", "Rect": "163,0,53,45", "Center": "22,25" },
	"cooler_superashura_0x32":  { "File": "character_coolersuper.bmp", "Rect": "218,6,40,44", "Center": "17,22" },
	"cooler_superashura_0x33":  { "File": "character_coolersuper.bmp", "Rect": "263,4,32,54", "Center": "15,27" },
	"cooler_superashura_0x34":  { "File": "character_coolersuper.bmp", "Rect": "295,6,58,40", "Center": "25,23" },
	"cooler_superashura_0x35":  { "File": "character_coolersuper.bmp", "Rect": "163,6,53,35", "Center": "23,20" },
	"cooler_superashura_0x36":  { "File": "character_coolersuper.bmp", "Rect": "218,6,40,44", "Center": "19,22" },
	"cooler_superashura_0x37":  { "File": "character_coolersuper.bmp", "Rect": "263,4,29,55", "Center": "14,26" },
	"cooler_superashura_0x38":  { "File": "character_coolersuper.bmp", "Rect": "295,4,56,45", "Center": "28,26" },
	"cooler_superashura_0x39":  { "File": "character_coolersuper.bmp", "Rect": "358,10,39,44", "Center": "19,24" },
	"cooler_superashura_0x3a":  { "File": "character_coolersuper.bmp", "Rect": "358,10,39,44", "Center": "19,24" },
	"cooler_superashura_0x3b":  { "File": "character_coolersuper.bmp", "Rect": "358,10,39,44", "Center": "19,24" },
	"cooler_superashura_0x3c":  { "File": "character_coolersuper.bmp", "Rect": "358,10,39,44", "Center": "19,24" },
	"cooler_superashura_0x3d":  { "File": "character_superashura.bmp", "Rect": "688,172,24,48", "Center": "14,26" },
	"cooler_superashura_0x3e":  { "File": "character_superashura.bmp", "Rect": "744,177,24,34", "Center": "13,19" },
	"cooler_superashura_0x3f":  { "File": "character_superashura.bmp", "Rect": "796,180,32,32", "Center": "17,15" },
	"cooler_superashura_0x40":  { "File": "character_superashura.bmp", "Rect": "852,180,32,32", "Center": "16,14" },
	"cooler_superashura_0x41":  { "File": "character_superashura.bmp", "Rect": "12,232,32,40", "Center": "16,17" },
	"cooler_superashura_0x42":  { "File": "character_superashura.bmp", "Rect": "66,232,32,44", "Center": "18,20" },
	"cooler_superashura_0x43":  { "File": "character_superashura.bmp", "Rect": "127,232,24,40", "Center": "12,20" },
	"cooler_superashura_0x44":  { "File": "character_superashura.bmp", "Rect": "182,236,26,32", "Center": "14,16" },
	"cooler_superashura_0x45":  { "File": "character_superashura.bmp", "Rect": "236,240,32,24", "Center": "14,10" },
	"cooler_superashura_0x46":  { "File": "character_superashura.bmp", "Rect": "296,236,24,32", "Center": "13,13" },
	"cooler_superashura_0x47":  { "File": "character_superashura.bmp", "Rect": "348,232,28,40", "Center": "17,21" },
	"cooler_superashura_0x48":  { "File": "character_superashura.bmp", "Rect": "400,227,33,45", "Center": "19,25" },
	"cooler_superashura_0x49":  { "File": "character_superashura.bmp", "Rect": "456,224,40,48", "Center": "20,32" },
	"cooler_superashura_0x4a":  { "File": "character_superashura.bmp", "Rect": "516,223,33,48", "Center": "14,27" },
	"cooler_superashura_0x4b":  { "File": "character_superashura.bmp", "Rect": "572,231,32,37", "Center": "16,26" },
	"cooler_superashura_0x4c":  { "File": "character_superashura.bmp", "Rect": "628,234,32,34", "Center": "13,17" },
	"cooler_superashura_0x4d":  { "File": "character_superashura.bmp", "Rect": "684,236,32,32", "Center": "13,18" },
	"cooler_superashura_0x4e":  { "File": "character_superashura.bmp", "Rect": "736,236,37,32", "Center": "22,14" },
	"cooler_superashura_0x4f":  { "File": "character_superashura.bmp", "Rect": "792,232,40,40", "Center": "22,22" },
	"cooler_superashura_0x50":  { "File": "character_superashura.bmp", "Rect": "845,232,42,40", "Center": "24,20" },
	"cooler_superashura_0x51":  { "File": "character_superashura.bmp", "Rect": "7,292,37,32", "Center": "22,19" },
	"cooler_superashura_0x52":  { "File": "character_superashura.bmp", "Rect": "68,292,32,32", "Center": "14,17" },
	"cooler_superashura_0x53":  { "File": "character_superashura.bmp", "Rect": "120,292,40,32", "Center": "24,19" },
	"cooler_superashura_0x54":  { "File": "character_superashura.bmp", "Rect": "176,289,40,32", "Center": "17,19" },
	"cooler_superashura_0x55":  { "File": "character_superashura.bmp", "Rect": "230,282,33,46", "Center": "24,26" },
	"cooler_superashura_0x56":  { "File": "character_superashura.bmp", "Rect": "288,283,34,45", "Center": "22,25" },
	"cooler_superashura_0x57":  { "File": "character_superashura.bmp", "Rect": "344,283,32,45", "Center": "20,25" },
	"cooler_superashura_0x58":  { "File": "character_superashura.bmp", "Rect": "408,283,25,45", "Center": "13,25" },
	"cooler_superashura_0x59":  { "File": "character_superashura.bmp", "Rect": "460,282,36,46", "Center": "17,26" },
	"cooler_superashura_0x5a":  { "File": "character_superashura.bmp", "Rect": "516,283,34,45", "Center": "18,25" },
	"cooler_superashura_0x5b":  { "File": "character_superashura.bmp", "Rect": "576,283,25,45", "Center": "13,25" },
	"cooler_superashura_0x5c":  { "File": "character_superashura.bmp", "Rect": "620,294,48,26", "Center": "20,13" },
	"cooler_superashura_0x5d":  { "File": "character_superashura.bmp", "Rect": "684,296,32,24", "Center": "4,12" },
	"cooler_superashura_0x5e":  { "File": "character_superashura.bmp", "Rect": "736,296,40,24", "Center": "30,12" },
	"cooler_superashura_0x5f":  { "File": "character_superashura.bmp", "Rect": "788,294,48,26", "Center": "27,13" },
	"cooler_superashura_0x60":  { "File": "character_superashura.bmp", "Rect": "852,296,32,24", "Center": "10,12" },
	"cooler_superashura_0x61":  { "File": "character_superashura.bmp", "Rect": "8,352,40,24", "Center": "38,12" },
	"cooler_superashura_0x62":  { "File": "character_superashura.bmp", "Rect": "64,343,40,33", "Center": "20,21" },
	"cooler_superashura_0x63":  { "File": "character_superashura.bmp", "Rect": "126,340,26,48", "Center": "13,24" },
	"cooler_superashura_0x64":  { "File": "character_superashura.bmp", "Rect": "184,348,24,32", "Center": "13,15" },
	"cooler_superashura_0x65":  { "File": "character_superashura.bmp", "Rect": "240,344,24,40", "Center": "12,21" },
	"cooler_superashura_0x66":  { "File": "character_superashura.bmp", "Rect": "294,340,25,48", "Center": "14,24" },
	"cooler_superashura_0x67":  { "File": "character_superashura.bmp", "Rect": "352,348,24,32", "Center": "14,16" },
	"cooler_superashura_0x68":  { "File": "character_superashura.bmp", "Rect": "408,344,24,40", "Center": "14,24" },
	"cooler_superashura_0x69":  { "File": "character_superashura.bmp", "Rect": "456,344,33,40", "Center": "20,20" },
	"cooler_superashura_0x6a":  { "File": "character_superashura.bmp", "Rect": "515,344,32,40", "Center": "17,20" },
	"cooler_superashura_0x6b":  { "File": "character_superashura.bmp", "Rect": "572,348,32,32", "Center": "21,20" },
	"cooler_superashura_0x6c":  { "File": "character_superashura.bmp", "Rect": "620,348,44,32", "Center": "24,16" },
	"cooler_superashura_0x6d":  { "File": "character_superashura.bmp", "Rect": "675,348,46,32", "Center": "25,16" },
	"cooler_superashura_0x6e":  { "File": "character_superashura.bmp", "Rect": "736,348,40,33", "Center": "20,16" },
	"cooler_superashura_0x6f":  { "File": "character_superashura.bmp", "Rect": "796,348,32,32", "Center": "16,16" },
	"cooler_superashura_0x70":  { "File": "character_superashura.bmp", "Rect": "852,348,32,33", "Center": "16,16" },
	"cooler_superashura_0x71":  { "File": "character_superashura.bmp", "Rect": "12,404,36,32", "Center": "16,16" },
	"cooler_superashura_0x72":  { "File": "character_superashura.bmp", "Rect": "64,404,41,32", "Center": "20,16" },
	"cooler_superashura_0x73":  { "File": "character_superashura.bmp", "Rect": "120,404,45,35", "Center": "20,16" },
	"cooler_superashura_0x74":  { "File": "character_superashura.bmp", "Rect": "180,404,34,34", "Center": "16,16" },
	"cooler_superashura_0x75":  { "File": "character_superashura.bmp", "Rect": "237,404,29,32", "Center": "15,16" },
	"cooler_superashura_0x76":  { "File": "character_superashura.bmp", "Rect": "292,404,32,32", "Center": "16,16" },
	"cooler_superashura_0x77":  { "File": "character_superashura.bmp", "Rect": "345,408,35,26", "Center": "19,12" },
	"cooler_superashura_0x78":  { "File": "character_superashura.bmp", "Rect": "396,396,41,48", "Center": "22,25" },
	"cooler_superashura_0x79":  { "File": "character_superashura.bmp", "Rect": "448,400,52,40", "Center": "35,26" },
	"cooler_superashura_0x7a":  { "File": "character_superashura.bmp", "Rect": "508,400,48,44", "Center": "26,23" },
	"cooler_superashura_0x7b":  { "File": "character_superashura.bmp", "Rect": "568,396,40,52", "Center": "27,18" },
	"cooler_superashura_0x7c":  { "File": "character_superashura.bmp", "Rect": "624,396,44,48", "Center": "23,22" },
	"cooler_superashura_0x7d":  { "File": "character_superashura.bmp", "Rect": "676,400,52,40", "Center": "20,13" },
	"cooler_superashura_0x7e":  { "File": "character_superashura.bmp", "Rect": "732,396,48,40", "Center": "23,20" },
	"cooler_superashura_0x7f":  { "File": "character_superashura.bmp", "Rect": "792,392,40,51", "Center": "13,31" },
	"cooler_superashura_0x80":  { "File": "character_superashura.bmp", "Rect": "848,391,40,48", "Center": "17,29" },
	"cooler_superashura_0x81":  { "File": "character_superashura.bmp", "Rect": "7,452,33,48", "Center": "23,24" },
	"cooler_superashura_0x82":  { "File": "character_superashura.bmp", "Rect": "68,451,32,49", "Center": "20,25" },
	"cooler_superashura_0x83":  { "File": "character_superashura.bmp", "Rect": "120,448,40,52", "Center": "22,28" },
	"cooler_superashura_0x84":  { "File": "character_superashura.bmp", "Rect": "180,449,32,51", "Center": "19,27" },
	"cooler_superashura_0x85":  { "File": "character_superashura.bmp", "Rect": "232,449,33,51", "Center": "20,27" },
	"cooler_superashura_0x86":  { "File": "character_superashura.bmp", "Rect": "292,460,32,32", "Center": "12,8" },
	"cooler_superashura_0x87":  { "File": "character_superashura.bmp", "Rect": "348,460,32,32", "Center": "12,8" },
	"cooler_superashura_0x88":  { "File": "character_superashura.bmp", "Rect": "404,460,32,32", "Center": "12,8" },
	"cooler_superashura_0x89":  { "File": "character_superashura.bmp", "Rect": "460,460,32,32", "Center": "12,8" },
	"cooler_superashura_0x8a":  { "File": "character_superashura.bmp", "Rect": "516,460,32,32", "Center": "12,8" },
	"cooler_superashura_0x8b":  { "File": "character_superashura.bmp", "Rect": "572,460,32,32", "Center": "12,8" },
	"cooler_superashura_0x8c":  { "File": "character_superashura.bmp", "Rect": "617,460,46,32", "Center": "27,16" },
	"cooler_superashura_0x8d":  { "File": "character_superashura.bmp", "Rect": "673,458,46,34", "Center": "27,18" },
	"cooler_superashura_0x8e":  { "File": "character_coolersuper.bmp", "Rect": "404,4,33,48", "Center": "19,28" },
	"cooler_superashura_0x8f":  { "File": "character_superashura.bmp", "Rect": "783,458,48,33", "Center": "32,17" },
	"cooler_superashura_0x90":  { "File": "character_superashura.bmp", "Rect": "848,452,36,48", "Center": "20,24" },
	"cooler_superashura_0x91":  { "File": "character_superashura.bmp", "Rect": "4,508,40,48", "Center": "20,26" },
	"cooler_superashura_0x92":  { "File": "character_superashura.bmp", "Rect": "60,509,41,40", "Center": "20,27" },
	"cooler_superashura_0x93":  { "File": "character_superashura.bmp", "Rect": "120,513,32,35", "Center": "20,27" },
	"cooler_superashura_0x94":  { "File": "character_superashura.bmp", "Rect": "180,508,32,48", "Center": "14,24" },
	"cooler_superashura_0x95":  { "File": "character_superashura.bmp", "Rect": "239,508,25,48", "Center": "10,24" },
	"cooler_superashura_0x96":  { "File": "character_superashura.bmp", "Rect": "292,516,32,32", "Center": "16,16" },
	"cooler_superashura_0x97":  { "File": "character_superashura.bmp", "Rect": "348,516,32,32", "Center": "16,16" },
	"cooler_superashura_0x98":  { "File": "character_superashura.bmp", "Rect": "404,516,32,32", "Center": "16,16" },
	"cooler_superashura_0x99":  { "File": "character_superashura.bmp", "Rect": "460,516,32,32", "Center": "16,16" },
	"cooler_superashura_0x9a":  { "File": "character_superashura.bmp", "Rect": "516,516,32,32", "Center": "16,16" },
	"cooler_superashura_0x9b":  { "File": "character_superashura.bmp", "Rect": "568,516,40,32", "Center": "16,12" },
	"cooler_superashura_0x9c":  { "File": "character_superashura.bmp", "Rect": "624,516,40,32", "Center": "16,12" },
	"cooler_superashura_0x9d":  { "File": "character_coolersuper.bmp", "Rect": "537,7,44,41", "Center": "22,22" },
	"cooler_superashura_0x9e":  { "File": "character_coolersuper.bmp", "Rect": "445,7,45,42", "Center": "21,23" },
	"cooler_superashura_0x9f":  { "File": "character_coolersuper.bmp", "Rect": "490,8,45,41", "Center": "22,22" },
	"cooler_superashura_0xa0":  { "File": "character_coolersuper.bmp", "Rect": "588,5,42,43", "Center": "20,24" },
	"cooler_superashura_0xa1":  { "File": "character_superashura.bmp", "Rect": "7,564,42,48", "Center": "24,27" },
	"cooler_superashura_0xa2":  { "File": "character_superashura.bmp", "Rect": "63,564,42,48", "Center": "24,27" },
	"cooler_superashura_0xa3":  { "File": "character_superashura.bmp", "Rect": "120,564,40,48", "Center": "22,27" },
	"cooler_superashura_0xa4":  { "File": "character_superashura.bmp", "Rect": "175,564,42,48", "Center": "24,27" },
	"cooler_superashura_0xa5":  { "File": "character_superashura.bmp", "Rect": "231,564,42,48", "Center": "24,27" },
	"cooler_superashura_0xa6":  { "File": "character_superashura.bmp", "Rect": "288,564,40,48", "Center": "22,27" },
	"cooler_superashura_0xa7":  { "File": "character_superashura.bmp", "Rect": "344,561,40,48", "Center": "16,27" },
	"cooler_superashura_0xa8":  { "File": "character_superashura.bmp", "Rect": "400,568,40,40", "Center": "16,20" },
	"cooler_superashura_0xa9":  { "File": "character_superashura.bmp", "Rect": "456,568,40,40", "Center": "16,20" },
	"cooler_superashura_0xaa":  { "File": "character_coolersuper.bmp", "Rect": "642,8,31,48", "Center": "21,18" },
	"cooler_superashura_0xab":  { "File": "character_coolersuper.bmp", "Rect": "642,8,31,48", "Center": "21,18" },
	"cooler_superashura_0xac":  { "File": "character_superashura.bmp", "Rect": "617,567,45,41", "Center": "27,21" },
	"cooler_superashura_0xad":  { "File": "character_superashura.bmp", "Rect": "684,568,32,40", "Center": "18,20" },
	"cooler_superashura_0xae":  { "File": "character_superashura.bmp", "Rect": "740,568,32,40", "Center": "18,20" },
	"cooler_superashura_0xaf":  { "File": "character_superashura.bmp", "Rect": "792,568,40,40", "Center": "26,20" },
	"cooler_superashura_0xb0":  { "File": "character_superashura.bmp", "Rect": "852,568,32,40", "Center": "22,20" },
	"cooler_superashura_0xb1":  { "File": "character_superashura.bmp", "Rect": "12,624,32,40", "Center": "17,20" },
	"cooler_superashura_0xb2":  { "File": "character_superashura.bmp", "Rect": "68,624,32,40", "Center": "17,20" },
	"cooler_superashura_0xb3":  { "File": "character_superashura.bmp", "Rect": "124,624,32,40", "Center": "17,20" },
	"cooler_superashura_0xb4":  { "File": "character_coolersuper.bmp", "Rect": "734,3,48,30", "Center": "24,26" },
	"cooler_superashura_0xb5":  { "File": "character_coolersuper.bmp", "Rect": "735,43,49,30", "Center": "24,26" },
	"cooler_superashura_0xb6":  { "File": "character_superashura.bmp", "Rect": "292,620,32,48", "Center": "19,28" },
	"cooler_superashura_0xb7":  { "File": "character_superashura.bmp", "Rect": "348,620,32,48", "Center": "19,27" },
	"cooler_superashura_0xb8":  { "File": "character_superashura.bmp", "Rect": "404,620,32,48", "Center": "19,28" },
	"cooler_superashura_0xb9":  { "File": "character_superashura.bmp", "Rect": "460,620,32,48", "Center": "19,27" },
	"cooler_superashura_0xba":  { "File": "character_coolersuper.bmp", "Rect": "796,9,29,52", "Center": "20,32" },
	"cooler_superashura_0xbb":  { "File": "character_coolersuper.bmp", "Rect": "835,9,29,52", "Center": "20,32" },
	"cooler_superashura_0xbc":  { "File": "character_coolersuper.bmp", "Rect": "796,9,29,52", "Center": "20,32" },
	"cooler_superashura_0xbd":  { "File": "character_coolersuper.bmp", "Rect": "835,9,29,52", "Center": "20,32" },
	"cooler_superashura_0xbe":  { "File": "character_coolersuper.bmp", "Rect": "796,9,29,52", "Center": "20,32" },
	"cooler_superashura_0xbf":  { "File": "character_coolersuper.bmp", "Rect": "835,9,29,52", "Center": "20,32" },
	"cooler_superashura_0xc0":  { "File": "character_coolersuper.bmp", "Rect": "796,9,29,52", "Center": "20,32" },
	"cooler_superashura_0xc1":  { "File": "character_coolersuper.bmp", "Rect": "835,9,29,52", "Center": "20,32" },
	"cooler_superashura_0xc2":  { "File": "character_coolersuper.bmp", "Rect": "796,9,29,52", "Center": "20,32" },
	"cooler_superashura_0xc3":  { "File": "character_coolersuper.bmp", "Rect": "4,65,39,47", "Center": "28,27" },
	"cooler_superashura_0xc4":  { "File": "character_coolersuper.bmp", "Rect": "49,64,39,47", "Center": "29,27" },
	"cooler_superashura_0xc5":  { "File": "character_coolersuper.bmp", "Rect": "796,9,29,52", "Center": "20,32" },
	"cooler_superashura_0xc6":  { "File": "character_coolersuper.bmp", "Rect": "835,9,29,52", "Center": "20,32" },
	"cooler_superashura_0xc7":  { "File": "character_coolersuper.bmp", "Rect": "796,9,29,52", "Center": "20,32" },
	"cooler_superashura_0xc8":  { "File": "character_superashura.bmp", "Rect": "396,682,48,32", "Center": "29,18" },
	"cooler_superashura_0xc9":  { "File": "character_superashura.bmp", "Rect": "456,682,40,30", "Center": "20,18" },
	"cooler_superashura_0xca":  { "File": "character_superashura.bmp", "Rect": "516,684,32,28", "Center": "17,16" },
	"cooler_superashura_0xcb":  { "File": "character_superashura.bmp", "Rect": "568,682,40,30", "Center": "21,18" },
	"cooler_superashura_0xcc":  { "File": "character_superashura.bmp", "Rect": "620,682,48,30", "Center": "18,18" },
	"cooler_superashura_0xcd":  { "File": "character_superashura.bmp", "Rect": "680,682,40,30", "Center": "22,18" },
	"cooler_superashura_0xce":  { "File": "character_superashura.bmp", "Rect": "740,682,32,30", "Center": "17,18" },
	"cooler_superashura_0xcf":  { "File": "character_superashura.bmp", "Rect": "792,683,40,30", "Center": "17,18" },
	"cooler_superashura_0xd0":  { "File": "character_superashura.bmp", "Rect": "841,683,47,33", "Center": "31,14" },
	"cooler_superashura_0xd1":  { "File": "character_superashura.bmp", "Rect": "393,739,47,33", "Center": "31,14" },
	"cooler_superashura_0xd2":  { "File": "character_superashura.bmp", "Rect": "72,740,24,32", "Center": "12,16" },
	"cooler_superashura_0xd3":  { "File": "character_superashura.bmp", "Rect": "124,732,32,48", "Center": "13,24" },
	"cooler_superashura_0xd4":  { "File": "character_superashura.bmp", "Rect": "180,732,32,48", "Center": "16,24" },
	"cooler_superashura_0xd5":  { "File": "character_superashura.bmp", "Rect": "236,732,32,48", "Center": "16,24" },
	"cooler_superashura_0xd6":  { "File": "character_superashura.bmp", "Rect": "292,732,32,48", "Center": "16,24" },
	"cooler_superashura_0xd7":  { "File": "character_superashura.bmp", "Rect": "337,739,46,33", "Center": "31,14" },
	"cooler_superashura_0xd8":  { "File": "character_superashura.bmp", "Rect": "393,740,45,32", "Center": "31,13" },
	"cooler_superashura_0xd9":  { "File": "character_superashura.bmp", "Rect": "456,736,40,40", "Center": "24,20" },
	"cooler_superashura_0xda":  { "File": "character_superashura.bmp", "Rect": "516,733,32,44", "Center": "16,23" },
	"cooler_superashura_0xdb":  { "File": "character_superashura.bmp", "Rect": "572,733,32,44", "Center": "16,23" },
	"cooler_superashura_0xdc":  { "File": "character_superashura.bmp", "Rect": "628,734,32,43", "Center": "16,22" },
	"cooler_superashura_0xdd":  { "File": "character_superashura.bmp", "Rect": "684,734,32,43", "Center": "16,22" },
	"cooler_superashura_0xde":  { "File": "character_superashura.bmp", "Rect": "740,734,32,43", "Center": "16,22" },
	"cooler_superashura_0xdf":  { "File": "character_superashura.bmp", "Rect": "796,734,32,43", "Center": "16,22" },
	"cooler_superashura_0xe0":  { "File": "character_superashura.bmp", "Rect": "856,740,24,32", "Center": "12,16" },
	"cooler_superashura_0xe1":  { "File": "character_superashura.bmp", "Rect": "16,792,24,40", "Center": "12,20" },
	"cooler_superashura_0xe2":  { "File": "character_superashura.bmp", "Rect": "68,788,32,43", "Center": "16,24" },
	"cooler_superashura_0xe3":  { "File": "character_superashura.bmp", "Rect": "120,785,40,48", "Center": "20,27" },
	"cooler_superashura_0xe4":  { "File": "character_superashura.bmp", "Rect": "174,788,34,48", "Center": "22,24" },
	"cooler_superashura_0xe5":  { "File": "character_superashura.bmp", "Rect": "232,788,36,48", "Center": "20,24" },
	"cooler_superashura_0xe6":  { "File": "character_superashura.bmp", "Rect": "288,788,32,48", "Center": "18,24" },
	"cooler_superashura_0xe7":  { "File": "character_superashura.bmp", "Rect": "352,788,25,48", "Center": "12,24" },
	"cooler_superashura_0xe8":  { "File": "character_superashura.bmp", "Rect": "404,788,36,48", "Center": "16,24" },
	"cooler_superashura_0xe9":  { "File": "character_superashura.bmp", "Rect": "460,788,34,48", "Center": "16,24" },
	"cooler_superashura_0xea":  { "File": "character_superashura.bmp", "Rect": "520,788,25,48", "Center": "12,24" },
	"cooler_superashura_0xeb":  { "File": "character_superashura.bmp", "Rect": "568,788,40,48", "Center": "20,24" },
	"cooler_superashura_0xec":  { "File": "character_superashura.bmp", "Rect": "620,792,48,40", "Center": "24,20" },
	"cooler_superashura_0xed":  { "File": "character_superashura.bmp", "Rect": "684,788,32,48", "Center": "16,24" },
	"cooler_superashura_0xee":  { "File": "character_superashura.bmp", "Rect": "732,792,48,40", "Center": "24,20" },
	"cooler_superashura_0xef":  { "File": "character_superashura.bmp", "Rect": "791,792,40,40", "Center": "21,20" },
	"cooler_superashura_0xf0":  { "File": "character_superashura.bmp", "Rect": "848,792,37,40", "Center": "20,20" },
	"cooler_superashura_0xf1":  { "File": "character_superashura.bmp", "Rect": "12,848,32,40", "Center": "16,20" },
	"cooler_superashura_0xf2":  { "File": "character_superashura.bmp", "Rect": "71,848,25,40", "Center": "13,20" },
	"cooler_superashura_0xf3":  { "File": "character_superashura.bmp", "Rect": "124,848,33,40", "Center": "15,20" },
	"cooler_superashura_0xf4":  { "File": "character_superashura.bmp", "Rect": "179,848,37,40", "Center": "17,20" },
	"cooler_superashura_0xf5":  { "File": "character_superashura.bmp", "Rect": "233,848,41,40", "Center": "19,20" },
	"cooler_superashura_0xf6":  { "File": "character_superashura.bmp", "Rect": "287,848,37,40", "Center": "21,20" },
	"cooler_superashura_0xf7":  { "File": "character_superashura.bmp", "Rect": "348,848,32,40", "Center": "15,20" },
	"cooler_superashura_0xf8":  { "File": "character_superashura.bmp", "Rect": "408,848,25,40", "Center": "12,20" },
	"cooler_superashura_0xf9":  { "File": "character_superashura.bmp", "Rect": "460,848,32,40", "Center": "16,20" },
	"cooler_superashura_0xfa":  { "File": "character_superashura.bmp", "Rect": "516,848,37,40", "Center": "16,20" }
}