{
	"character_supersonic_0x01_168absolutes":  { "File": "character_supersonic.bmp", "Rect": "8,1,40,47", "Center": "20,28" },
	"character_supersonic_0x02_168absolutes":  { "File": "character_supersonic.bmp", "Rect": "64,1,40,47", "Center": "27,27" },
	"character_supersonic_0x03_168absolutes":  { "File": "character_supersonic.bmp", "Rect": "124,0,32,48", "Center": "19,27" },
	"character_supersonic_0x04_168absolutes":  { "File": "character_supersonic.bmp", "Rect": "180,1,32,47", "Center": "16,28" },
	"character_supersonic_0x05_168absolutes":  { "File": "character_supersonic.bmp", "Rect": "232,1,40,47", "Center": "17,28" },
	"character_supersonic_0x06_168absolutes":  { "File": "character_supersonic.bmp", "Rect": "288,1,40,47", "Center": "18,28" },
	"character_supersonic_0x07_168absolutes":  { "File": "character_supersonic.bmp", "Rect": "348,0,32,48", "Center": "18,28" },
	"character_supersonic_0x08_168absolutes":  { "File": "character_supersonic.bmp", "Rect": "404,0,34,48", "Center": "21,30" },
	"character_supersonic_0x09_168absolutes":  { "File": "character_supersonic.bmp", "Rect": "452,0,48,56", "Center": "29,29" },
	"character_supersonic_0x0a_168absolutes":  { "File": "character_supersonic.bmp", "Rect": "504,4,56,48", "Center": "29,25" },
	"character_supersonic_0x0b_168absolutes":  { "File": "character_supersonic.bmp", "Rect": "564,8,48,40", "Center": "29,21" },
	"character_supersonic_0x0c_168absolutes":  { "File": "character_supersonic.bmp", "Rect": "616,4,56,48", "Center": "29,29" },
	"character_supersonic_0x0d_168absolutes":  { "File": "character_supersonic.bmp", "Rect": "676,0,48,56", "Center": "29,29" },
	"character_supersonic_0x0e_168absolutes":  { "File": "character_supersonic.bmp", "Rect": "728,4,56,48", "Center": "29,21" },
	"character_supersonic_0x0f_168absolutes":  { "File": "character_supersonic.bmp", "Rect": "788,4,48,48", "Center": "29,29" },
	"character_supersonic_0x10_168absolutes":  { "File": "character_supersonic.bmp", "Rect": "844,8,48,40", "Center": "29,21" },
	"character_supersonic_0x11_168absolutes":  { "File": "character_supersonic.bmp", "Rect": "4,64,48,40", "Center": "28,20" },
	"character_supersonic_0x12_168absolutes":  { "File": "character_supersonic.bmp", "Rect": "60,64,48,40", "Center": "27,20" },
	"character_supersonic_0x13_168absolutes":  { "File": "character_supersonic.bmp", "Rect": "116,68,48,32", "Center": "26,12" },
	"character_supersonic_0x14_168absolutes":  { "File": "character_supersonic.bmp", "Rect": "172,67,48,34", "Center": "28,14" },
	"character_supersonic_0x15_168absolutes":  { "File": "character_supersonic.bmp", "Rect": "228,63,48,42", "Center": "28,22" },
	"character_supersonic_0x16_168absolutes":  { "File": "character_supersonic.bmp", "Rect": "284,63,48,41", "Center": "27,21" },
	"character_supersonic_0x17_168absolutes":  { "File": "character_supersonic.bmp", "Rect": "340,68,48,32", "Center": "26,12" },
	"character_supersonic_0x18_168absolutes":  { "File": "character_supersonic.bmp", "Rect": "396,68,48,32", "Center": "28,12" },
	"character_supersonic_0x19_168absolutes":  { "File": "character_supersonic.bmp", "Rect": "448,60,56,48", "Center": "28,20" },
	"character_supersonic_0x1a_168absolutes":  { "File": "character_supersonic.bmp", "Rect": "508,56,48,56", "Center": "24,28" },
	"character_supersonic_0x1b_168absolutes":  { "File": "character_supersonic.bmp", "Rect": "568,60,40,48", "Center": "20,20" },
	"character_supersonic_0x1c_168absolutes":  { "File": "character_supersonic.bmp", "Rect": "620,56,48,56", "Center": "28,28" },
	"character_supersonic_0x1d_168absolutes":  { "File": "character_supersonic.bmp", "Rect": "672,60,56,48", "Center": "28,20" },
	"character_supersonic_0x1e_168absolutes":  { "File": "character_supersonic.bmp", "Rect": "732,56,48,56", "Center": "20,28" },
	"character_supersonic_0x1f_168absolutes":  { "File": "character_supersonic.bmp", "Rect": "788,60,48,48", "Center": "28,20" },
	"character_supersonic_0x20_168absolutes":  { "File": "character_supersonic.bmp", "Rect": "848,60,40,48", "Center": "20,20" },
	"character_supersonic_0x21_168absolutes":  { "File": "character_supersonic.bmp", "Rect": "8,120,40,40", "Center": "27,21" },
	"character_supersonic_0x22_168absolutes":  { "File": "character_supersonic.bmp", "Rect": "64,120,40,40", "Center": "27,21" },
	"character_supersonic_0x23_168absolutes":  { "File": "character_supersonic.bmp", "Rect": "120,120,40,40", "Center": "27,21" },
	"character_supersonic_0x24_168absolutes":  { "File": "character_supersonic.bmp", "Rect": "176,120,40,40", "Center": "27,21" },
	"character_supersonic_0x25_168absolutes":  { "File": "character_supersonic.bmp", "Rect": "232,116,40,48", "Center": "28,22" },
	"character_supersonic_0x26_168absolutes":  { "File": "character_supersonic.bmp", "Rect": "288,116,40,48", "Center": "28,23" },
	"character_supersonic_0x27_168absolutes":  { "File": "character_supersonic.bmp", "Rect": "344,116,40,48", "Center": "28,22" },
	"character_supersonic_0x28_168absolutes":  { "File": "character_supersonic.bmp", "Rect": "400,116,40,48", "Center": "28,23" },
	"character_supersonic_0x29_168absolutes":  { "File": "character_supersonic.bmp", "Rect": "456,120,40,40", "Center": "21,12" },
	"character_supersonic_0x2a_168absolutes":  { "File": "character_supersonic.bmp", "Rect": "512,120,40,40", "Center": "21,12" },
	"character_supersonic_0x2b_168absolutes":  { "File": "character_supersonic.bmp", "Rect": "568,120,40,40", "Center": "21,12" },
	"character_supersonic_0x2c_168absolutes":  { "File": "character_supersonic.bmp", "Rect": "624,120,40,40", "Center": "21,12" },
	"character_supersonic_0x2d_168absolutes":  { "File": "character_supersonic.bmp", "Rect": "676,120,48,40", "Center": "22,12" },
	"character_supersonic_0x2e_168absolutes":  { "File": "character_supersonic.bmp", "Rect": "732,120,48,40", "Center": "23,12" },
	"character_supersonic_0x2f_168absolutes":  { "File": "character_supersonic.bmp", "Rect": "788,120,48,40", "Center": "22,12" },
	"character_supersonic_0x30_168absolutes":  { "File": "character_supersonic.bmp", "Rect": "844,120,48,40", "Center": "23,12" },
	"character_supersonic_0x31_168absolutes":  { "File": "character_supersonic.bmp", "Rect": "12,176,32,40", "Center": "14,20" },
	"character_supersonic_0x32_168absolutes":  { "File": "character_supersonic.bmp", "Rect": "68,176,32,40", "Center": "13,22" },
	"character_supersonic_0x33_168absolutes":  { "File": "character_supersonic.bmp", "Rect": "124,180,32,32", "Center": "15,16" },
	"character_supersonic_0x34_168absolutes":  { "File": "character_supersonic.bmp", "Rect": "180,180,32,32", "Center": "15,17" },
	"character_supersonic_0x35_168absolutes":  { "File": "character_supersonic.bmp", "Rect": "236,180,32,32", "Center": "12,17" },
	"character_supersonic_0x36_168absolutes":  { "File": "character_supersonic.bmp", "Rect": "292,176,32,40", "Center": "15,22" },
	"character_supersonic_0x37_168absolutes":  { "File": "character_supersonic.bmp", "Rect": "348,176,32,40", "Center": "16,20" },
	"character_supersonic_0x38_168absolutes":  { "File": "character_supersonic.bmp", "Rect": "408,176,24,40", "Center": "12,18" },
	"character_supersonic_0x39_168absolutes":  { "File": "character_supersonic.bmp", "Rect": "460,180,32,32", "Center": "16,18" },
	"character_supersonic_0x3a_168absolutes":  { "File": "character_supersonic.bmp", "Rect": "516,180,32,32", "Center": "19,16" },
	"character_supersonic_0x3b_168absolutes":  { "File": "character_supersonic.bmp", "Rect": "576,176,24,40", "Center": "12,20" },
	"character_supersonic_0x3c_168absolutes":  { "File": "character_supersonic.bmp", "Rect": "632,176,24,40", "Center": "12,20" },
	"character_supersonic_0x3d_168absolutes":  { "File": "character_supersonic.bmp", "Rect": "688,172,24,48", "Center": "14,26" },
	"character_supersonic_0x3e_168absolutes":  { "File": "character_supersonic.bmp", "Rect": "744,180,24,32", "Center": "13,16" },
	"character_supersonic_0x3f_168absolutes":  { "File": "character_supersonic.bmp", "Rect": "796,180,32,32", "Center": "17,15" },
	"character_supersonic_0x40_168absolutes":  { "File": "character_supersonic.bmp", "Rect": "852,180,32,32", "Center": "17,14" },
	"character_supersonic_0x41_168absolutes":  { "File": "character_supersonic.bmp", "Rect": "12,232,32,40", "Center": "17,17" },
	"character_supersonic_0x42_168absolutes":  { "File": "character_supersonic.bmp", "Rect": "68,232,32,40", "Center": "14,20" },
	"character_supersonic_0x43_168absolutes":  { "File": "character_supersonic.bmp", "Rect": "128,232,24,40", "Center": "11,20" },
	"character_supersonic_0x44_168absolutes":  { "File": "character_supersonic.bmp", "Rect": "184,236,24,32", "Center": "12,16" },
	"character_supersonic_0x45_168absolutes":  { "File": "character_supersonic.bmp", "Rect": "236,240,32,24", "Center": "14,10" },
	"character_supersonic_0x46_168absolutes":  { "File": "character_supersonic.bmp", "Rect": "296,236,24,32", "Center": "13,13" },
	"character_supersonic_0x47_168absolutes":  { "File": "character_supersonic.bmp", "Rect": "352,232,24,40", "Center": "13,21" },
	"character_supersonic_0x48_168absolutes":  { "File": "character_supersonic.bmp", "Rect": "404,232,32,40", "Center": "16,20" },
	"character_supersonic_0x49_168absolutes":  { "File": "character_supersonic.bmp", "Rect": "456,232,40,40", "Center": "20,24" },
	"character_supersonic_0x4a_168absolutes":  { "File": "character_supersonic.bmp", "Rect": "516,228,32,48", "Center": "14,22" },
	"character_supersonic_0x4b_168absolutes":  { "File": "character_supersonic.bmp", "Rect": "572,236,32,32", "Center": "16,21" },
	"character_supersonic_0x4c_168absolutes":  { "File": "character_supersonic.bmp", "Rect": "628,236,32,32", "Center": "13,15" },
	"character_supersonic_0x4d_168absolutes":  { "File": "character_supersonic.bmp", "Rect": "684,236,32,32", "Center": "13,18" },
	"character_supersonic_0x4e_168absolutes":  { "File": "character_supersonic.bmp", "Rect": "740,236,32,32", "Center": "18,14" },
	"character_supersonic_0x4f_168absolutes":  { "File": "character_supersonic.bmp", "Rect": "792,232,40,40", "Center": "22,22" },
	"character_supersonic_0x50_168absolutes":  { "File": "character_supersonic.bmp", "Rect": "848,232,40,40", "Center": "21,20" },
	"character_supersonic_0x51_168absolutes":  { "File": "character_supersonic.bmp", "Rect": "12,292,32,32", "Center": "17,19" },
	"character_supersonic_0x52_168absolutes":  { "File": "character_supersonic.bmp", "Rect": "68,292,32,32", "Center": "14,17" },
	"character_supersonic_0x53_168absolutes":  { "File": "character_supersonic.bmp", "Rect": "120,292,40,32", "Center": "24,19" },
	"character_supersonic_0x54_168absolutes":  { "File": "character_supersonic.bmp", "Rect": "176,292,40,32", "Center": "17,16" },
	"character_supersonic_0x55_168absolutes":  { "File": "character_supersonic.bmp", "Rect": "235,284,33,44", "Center": "17,20" },
	"character_supersonic_0x56_168absolutes":  { "File": "character_supersonic.bmp", "Rect": "292,283,32,45", "Center": "17,21" },
	"character_supersonic_0x57_168absolutes":  { "File": "character_supersonic.bmp", "Rect": "347,283,32,45", "Center": "17,21" },
	"character_supersonic_0x58_168absolutes":  { "File": "character_supersonic.bmp", "Rect": "408,285,24,43", "Center": "13,20" },
	"character_supersonic_0x59_168absolutes":  { "File": "character_supersonic.bmp", "Rect": "460,285,32,43", "Center": "17,20" },
	"character_supersonic_0x5a_168absolutes":  { "File": "character_supersonic.bmp", "Rect": "516,285,32,43", "Center": "16,20" },
	"character_supersonic_0x5b_168absolutes":  { "File": "character_supersonic.bmp", "Rect": "576,285,24,43", "Center": "13,20" },
	"character_supersonic_0x5c_168absolutes":  { "File": "character_supersonic.bmp", "Rect": "620,296,48,24", "Center": "20,12" },
	"character_supersonic_0x5d_168absolutes":  { "File": "character_supersonic.bmp", "Rect": "684,296,32,24", "Center": "4,12" },
	"character_supersonic_0x5e_168absolutes":  { "File": "character_supersonic.bmp", "Rect": "736,296,40,24", "Center": "30,12" },
	"character_supersonic_0x5f_168absolutes":  { "File": "character_supersonic.bmp", "Rect": "788,296,48,25", "Center": "27,13" },
	"character_supersonic_0x60_168absolutes":  { "File": "character_supersonic.bmp", "Rect": "852,296,32,24", "Center": "10,12" },
	"character_supersonic_0x61_168absolutes":  { "File": "character_supersonic.bmp", "Rect": "8,352,40,24", "Center": "38,12" },
	"character_supersonic_0x62_168absolutes":  { "File": "character_supersonic.bmp", "Rect": "64,348,40,32", "Center": "20,16" },
	"character_supersonic_0x63_168absolutes":  { "File": "character_supersonic.bmp", "Rect": "128,340,24,48", "Center": "12,24" },
	"character_supersonic_0x64_168absolutes":  { "File": "character_supersonic.bmp", "Rect": "184,348,24,32", "Center": "13,15" },
	"character_supersonic_0x65_168absolutes":  { "File": "character_supersonic.bmp", "Rect": "240,344,24,40", "Center": "12,21" },
	"character_supersonic_0x66_168absolutes":  { "File": "character_supersonic.bmp", "Rect": "296,340,25,48", "Center": "14,24" },
	"character_supersonic_0x67_168absolutes":  { "File": "character_supersonic.bmp", "Rect": "352,348,24,32", "Center": "14,16" },
	"character_supersonic_0x68_168absolutes":  { "File": "character_supersonic.bmp", "Rect": "408,344,24,40", "Center": "14,24" },
	"character_supersonic_0x69_168absolutes":  { "File": "character_supersonic.bmp", "Rect": "460,344,32,40", "Center": "16,20" },
	"character_supersonic_0x6a_168absolutes":  { "File": "character_supersonic.bmp", "Rect": "516,344,32,40", "Center": "16,20" },
	"character_supersonic_0x6b_168absolutes":  { "File": "character_supersonic.bmp", "Rect": "572,348,32,32", "Center": "21,20" },
	"character_supersonic_0x6c_168absolutes":  { "File": "character_supersonic.bmp", "Rect": "626,348,38,32", "Center": "18,16" },
	"character_supersonic_0x6d_168absolutes":  { "File": "character_supersonic.bmp", "Rect": "680,348,40,32", "Center": "20,16" },
	"character_supersonic_0x6e_168absolutes":  { "File": "character_supersonic.bmp", "Rect": "736,348,40,32", "Center": "20,16" },
	"character_supersonic_0x6f_168absolutes":  { "File": "character_supersonic.bmp", "Rect": "796,348,32,32", "Center": "16,16" },
	"character_supersonic_0x70_168absolutes":  { "File": "character_supersonic.bmp", "Rect": "852,348,32,32", "Center": "16,14" },
	"character_supersonic_0x71_168absolutes":  { "File": "character_supersonic.bmp", "Rect": "12,409,35,24", "Center": "15,11" },
	"character_supersonic_0x72_168absolutes":  { "File": "character_supersonic.bmp", "Rect": "64,404,40,32", "Center": "20,16" },
	"character_supersonic_0x73_168absolutes":  { "File": "character_supersonic.bmp", "Rect": "120,404,40,32", "Center": "20,16" },
	"character_supersonic_0x74_168absolutes":  { "File": "character_supersonic.bmp", "Rect": "179,404,34,32", "Center": "17,16" },
	"character_supersonic_0x75_168absolutes":  { "File": "character_supersonic.bmp", "Rect": "239,404,29,32", "Center": "14,16" },
	"character_supersonic_0x76_168absolutes":  { "File": "character_supersonic.bmp", "Rect": "292,404,32,32", "Center": "16,16" },
	"character_supersonic_0x77_168absolutes":  { "File": "character_supersonic.bmp", "Rect": "348,408,32,24", "Center": "16,12" },
	"character_supersonic_0x78_168absolutes":  { "File": "character_supersonic.bmp", "Rect": "400,396,40,48", "Center": "18,25" },
	"character_supersonic_0x79_168absolutes":  { "File": "character_supersonic.bmp", "Rect": "452,400,48,40", "Center": "31,26" },
	"character_supersonic_0x7a_168absolutes":  { "File": "character_supersonic.bmp", "Rect": "508,400,48,40", "Center": "26,23" },
	"character_supersonic_0x7b_168absolutes":  { "File": "character_supersonic.bmp", "Rect": "568,396,40,48", "Center": "27,18" },
	"character_supersonic_0x7c_168absolutes":  { "File": "character_supersonic.bmp", "Rect": "624,396,40,48", "Center": "23,22" },
	"character_supersonic_0x7d_168absolutes":  { "File": "character_supersonic.bmp", "Rect": "676,400,48,40", "Center": "20,13" },
	"character_supersonic_0x7e_168absolutes":  { "File": "character_supersonic.bmp", "Rect": "732,400,48,40", "Center": "23,17" },
	"character_supersonic_0x7f_168absolutes":  { "File": "character_supersonic.bmp", "Rect": "792,396,40,48", "Center": "13,28" },
	"character_supersonic_0x80_168absolutes":  { "File": "character_supersonic.bmp", "Rect": "848,396,40,48", "Center": "17,24" },
	"character_supersonic_0x81_168absolutes":  { "File": "character_supersonic.bmp", "Rect": "12,452,32,48", "Center": "18,24" },
	"character_supersonic_0x82_168absolutes":  { "File": "character_supersonic.bmp", "Rect": "68,452,32,48", "Center": "20,24" },
	"character_supersonic_0x83_168absolutes":  { "File": "character_supersonic.bmp", "Rect": "120,452,40,48", "Center": "22,24" },
	"character_supersonic_0x84_168absolutes":  { "File": "character_supersonic.bmp", "Rect": "180,452,32,48", "Center": "19,24" },
	"character_supersonic_0x85_168absolutes":  { "File": "character_supersonic.bmp", "Rect": "236,452,32,48", "Center": "17,24" },
	"character_supersonic_0x86_168absolutes":  { "File": "character_supersonic.bmp", "Rect": "292,460,32,32", "Center": "12,8" },
	"character_supersonic_0x87_168absolutes":  { "File": "character_supersonic.bmp", "Rect": "348,460,32,32", "Center": "12,8" },
	"character_supersonic_0x88_168absolutes":  { "File": "character_supersonic.bmp", "Rect": "404,460,32,32", "Center": "12,8" },
	"character_supersonic_0x89_168absolutes":  { "File": "character_supersonic.bmp", "Rect": "460,460,32,32", "Center": "12,8" },
	"character_supersonic_0x8a_168absolutes":  { "File": "character_supersonic.bmp", "Rect": "516,460,32,32", "Center": "12,8" },
	"character_supersonic_0x8b_168absolutes":  { "File": "character_supersonic.bmp", "Rect": "572,460,32,32", "Center": "12,8" },
	"character_supersonic_0x8c_168absolutes":  { "File": "character_supersonic.bmp", "Rect": "624,460,41,32", "Center": "21,16" },
	"character_supersonic_0x8d_168absolutes":  { "File": "character_supersonic.bmp", "Rect": "680,460,41,31", "Center": "21,16" },
	"character_supersonic_0x8e_168absolutes":  { "File": "character_supersonic.bmp", "Rect": "739,452,29,48", "Center": "16,24" },
	"character_supersonic_0x8f_168absolutes":  { "File": "character_supersonic.bmp", "Rect": "792,460,40,32", "Center": "23,15" },
	"character_supersonic_0x90_168absolutes":  { "File": "character_supersonic.bmp", "Rect": "852,452,32,48", "Center": "16,24" },
	"character_supersonic_0x91_168absolutes":  { "File": "character_supersonic.bmp", "Rect": "8,508,40,48", "Center": "16,25" },
	"character_supersonic_0x92_168absolutes":  { "File": "character_supersonic.bmp", "Rect": "64,511,40,39", "Center": "16,26" },
	"character_supersonic_0x93_168absolutes":  { "File": "character_supersonic.bmp", "Rect": "124,511,32,36", "Center": "16,26" },
	"character_supersonic_0x94_168absolutes":  { "File": "character_supersonic.bmp", "Rect": "180,508,32,48", "Center": "14,24" },
	"character_supersonic_0x95_168absolutes":  { "File": "character_supersonic.bmp", "Rect": "239,508,25,48", "Center": "11,24" },
	"character_supersonic_0x96_168absolutes":  { "File": "character_supersonic.bmp", "Rect": "292,516,32,32", "Center": "16,16" },
	"character_supersonic_0x97_168absolutes":  { "File": "character_supersonic.bmp", "Rect": "348,516,32,32", "Center": "16,16" },
	"character_supersonic_0x98_168absolutes":  { "File": "character_supersonic.bmp", "Rect": "404,516,32,32", "Center": "16,16" },
	"character_supersonic_0x99_168absolutes":  { "File": "character_supersonic.bmp", "Rect": "460,516,32,32", "Center": "16,16" },
	"character_supersonic_0x9a_168absolutes":  { "File": "character_supersonic.bmp", "Rect": "516,516,32,32", "Center": "16,16" },
	"character_supersonic_0x9b_168absolutes":  { "File": "character_supersonic.bmp", "Rect": "568,516,40,32", "Center": "16,12" },
	"character_supersonic_0x9c_168absolutes":  { "File": "character_supersonic.bmp", "Rect": "624,516,40,32", "Center": "16,12" },
	"character_supersonic_0x9d_168absolutes":  { "File": "character_supersonic.bmp", "Rect": "679,509,40,43", "Center": "19,22" },
	"character_supersonic_0x9e_168absolutes":  { "File": "character_supersonic.bmp", "Rect": "734,510,40,42", "Center": "19,21" },
	"character_supersonic_0x9f_168absolutes":  { "File": "character_supersonic.bmp", "Rect": "792,511,36,41", "Center": "18,21" },
	"character_supersonic_0xa0_168absolutes":  { "File": "character_supersonic.bmp", "Rect": "852,507,32,45", "Center": "17,20" },
	"character_supersonic_0xa1_168absolutes":  { "File": "character_supersonic.bmp", "Rect": "7,564,42,48", "Center": "24,27" },
	"character_supersonic_0xa2_168absolutes":  { "File": "character_supersonic.bmp", "Rect": "63,564,42,48", "Center": "23,27" },
	"character_supersonic_0xa3_168absolutes":  { "File": "character_supersonic.bmp", "Rect": "120,564,40,48", "Center": "21,27" },
	"character_supersonic_0xa4_168absolutes":  { "File": "character_supersonic.bmp", "Rect": "175,564,42,48", "Center": "24,27" },
	"character_supersonic_0xa5_168absolutes":  { "File": "character_supersonic.bmp", "Rect": "231,564,42,48", "Center": "23,27" },
	"character_supersonic_0xa6_168absolutes":  { "File": "character_supersonic.bmp", "Rect": "288,564,40,48", "Center": "21,27" },
	"character_supersonic_0xa7_168absolutes":  { "File": "character_supersonic.bmp", "Rect": "342,568,40,46", "Center": "16,20" },
	"character_supersonic_0xa9_168absolutes":  { "File": "character_supersonic.bmp", "Rect": "454,568,40,40", "Center": "16,20" },
	"character_supersonic_0xaa_168absolutes":  { "File": "character_supersonic.bmp", "Rect": "504,576,56,24", "Center": "26,12" },
	"character_supersonic_0xab_168absolutes":  { "File": "character_supersonic.bmp", "Rect": "560,576,56,24", "Center": "26,12" },
	"character_supersonic_0xac_168absolutes":  { "File": "character_supersonic.bmp", "Rect": "624,568,40,40", "Center": "20,20" },
	"character_supersonic_0xb4_168absolutes":  { "File": "character_supersonic.bmp", "Rect": "184,616,24,56", "Center": "11,26" },
	"character_supersonic_0xb5_168absolutes":  { "File": "character_supersonic.bmp", "Rect": "240,616,24,56", "Center": "11,26" },
	"character_supersonic_0xb6_168absolutes":  { "File": "character_supersonic.bmp", "Rect": "292,620,32,48", "Center": "19,28" },
	"character_supersonic_0xb7_168absolutes":  { "File": "character_supersonic.bmp", "Rect": "348,620,32,48", "Center": "19,27" },
	"character_supersonic_0xb8_168absolutes":  { "File": "character_supersonic.bmp", "Rect": "404,620,32,48", "Center": "19,28" },
	"character_supersonic_0xb9_168absolutes":  { "File": "character_supersonic.bmp", "Rect": "460,620,32,48", "Center": "19,27" },
	"character_supersonic_0xba_168absolutes":  { "File": "character_supersonic.bmp", "Rect": "512,620,40,48", "Center": "24,28" },
	"character_supersonic_0xbb_168absolutes":  { "File": "character_supersonic.bmp", "Rect": "568,620,40,48", "Center": "25,28" },
	"character_supersonic_0xbc_168absolutes":  { "File": "character_supersonic.bmp", "Rect": "624,620,40,48", "Center": "25,28" },
	"character_supersonic_0xbd_168absolutes":  { "File": "character_supersonic.bmp", "Rect": "680,620,40,48", "Center": "24,28" },
	"character_supersonic_0xbe_168absolutes":  { "File": "character_supersonic.bmp", "Rect": "736,620,40,48", "Center": "25,28" },
	"character_supersonic_0xbf_168absolutes":  { "File": "character_supersonic.bmp", "Rect": "792,620,40,48", "Center": "25,28" },
	"character_supersonic_0xc0_168absolutes":  { "File": "character_supersonic.bmp", "Rect": "848,620,40,48", "Center": "24,28" },
	"character_supersonic_0xc1_168absolutes":  { "File": "character_supersonic.bmp", "Rect": "8,676,40,48", "Center": "25,28" },
	"character_supersonic_0xc2_168absolutes":  { "File": "character_supersonic.bmp", "Rect": "64,676,40,48", "Center": "25,28" },
	"character_supersonic_0xc3_168absolutes":  { "File": "character_supersonic.bmp", "Rect": "124,680,32,40", "Center": "20,20" },
	"character_supersonic_0xc4_168absolutes":  { "File": "character_supersonic.bmp", "Rect": "176,680,40,40", "Center": "28,18" },
	"character_supersonic_0xc5_168absolutes":  { "File": "character_supersonic.bmp", "Rect": "232,676,40,48", "Center": "24,28" },
	"character_supersonic_0xc6_168absolutes":  { "File": "character_supersonic.bmp", "Rect": "288,676,40,48", "Center": "25,28" },
	"character_supersonic_0xc7_168absolutes":  { "File": "character_supersonic.bmp", "Rect": "344,676,40,48", "Center": "25,28" },
	"character_supersonic_0xc8_168absolutes":  { "File": "character_supersonic.bmp", "Rect": "396,687,48,25", "Center": "29,13" },
	"character_supersonic_0xc9_168absolutes":  { "File": "character_supersonic.bmp", "Rect": "456,687,40,25", "Center": "20,13" },
	"character_supersonic_0xca_168absolutes":  { "File": "character_supersonic.bmp", "Rect": "511,687,44,25", "Center": "17,13" },
	"character_supersonic_0xcb_168absolutes":  { "File": "character_supersonic.bmp", "Rect": "566,687,40,25", "Center": "21,13" },
	"character_supersonic_0xcc_168absolutes":  { "File": "character_supersonic.bmp", "Rect": "620,685,48,27", "Center": "18,13" },
	"character_supersonic_0xcd_168absolutes":  { "File": "character_supersonic.bmp", "Rect": "680,687,40,25", "Center": "22,13" },
	"character_supersonic_0xce_168absolutes":  { "File": "character_supersonic.bmp", "Rect": "740,686,32,26", "Center": "17,14" },
	"character_supersonic_0xcf_168absolutes":  { "File": "character_supersonic.bmp", "Rect": "792,687,40,25", "Center": "17,13" },
	"character_supersonic_0xd0_168absolutes":  { "File": "character_supersonic.bmp", "Rect": "848,684,41,32", "Center": "21,8" },
	"character_supersonic_0xd1_168absolutes":  { "File": "character_supersonic.bmp", "Rect": "8,740,41,32", "Center": "21,8" },
	"character_supersonic_0xd2_168absolutes":  { "File": "character_supersonic.bmp", "Rect": "72,740,24,32", "Center": "12,16" },
	"character_supersonic_0xd3_168absolutes":  { "File": "character_supersonic.bmp", "Rect": "124,732,32,48", "Center": "13,24" },
	"character_supersonic_0xd4_168absolutes":  { "File": "character_supersonic.bmp", "Rect": "180,732,32,48", "Center": "16,24" },
	"character_supersonic_0xd5_168absolutes":  { "File": "character_supersonic.bmp", "Rect": "236,732,32,48", "Center": "16,24" },
	"character_supersonic_0xd6_168absolutes":  { "File": "character_supersonic.bmp", "Rect": "292,732,32,48", "Center": "16,24" },
	"character_supersonic_0xd7_168absolutes":  { "File": "character_supersonic.bmp", "Rect": "344,740,41,32", "Center": "25,12" },
	"character_supersonic_0xd8_168absolutes":  { "File": "character_supersonic.bmp", "Rect": "400,740,41,32", "Center": "25,13" },
	"character_supersonic_0xdf_168absolutes":  { "File": "character_supersonic.bmp", "Rect": "796,736,36,40", "Center": "16,20" },
	"character_supersonic_0xe0_168absolutes":  { "File": "character_supersonic.bmp", "Rect": "858,741,34,32", "Center": "12,16" },
	"character_supersonic_0xe1_168absolutes":  { "File": "character_supersonic.bmp", "Rect": "16,792,24,40", "Center": "10,20" },
	"character_supersonic_0xe2_168absolutes":  { "File": "character_supersonic.bmp", "Rect": "68,792,32,40", "Center": "16,20" },
	"character_supersonic_0xe3_168absolutes":  { "File": "character_supersonic.bmp", "Rect": "120,788,40,48", "Center": "20,24" },
	"character_supersonic_0xe4_168absolutes":  { "File": "character_supersonic.bmp", "Rect": "178,788,32,48", "Center": "18,24" },
	"character_supersonic_0xe5_168absolutes":  { "File": "character_supersonic.bmp", "Rect": "236,788,30,48", "Center": "16,24" },
	"character_supersonic_0xe6_168absolutes":  { "File": "character_supersonic.bmp", "Rect": "291,788,31,48", "Center": "17,25" },
	"character_supersonic_0xe7_168absolutes":  { "File": "character_supersonic.bmp", "Rect": "350,788,24,48", "Center": "12,24" },
	"character_supersonic_0xe8_168absolutes":  { "File": "character_supersonic.bmp", "Rect": "404,788,32,48", "Center": "16,24" },
	"character_supersonic_0xe9_168absolutes":  { "File": "character_supersonic.bmp", "Rect": "458,788,32,48", "Center": "16,24" },
	"character_supersonic_0xea_168absolutes":  { "File": "character_supersonic.bmp", "Rect": "518,788,24,48", "Center": "12,24" },
	"character_supersonic_0xef_168absolutes":  { "File": "character_supersonic.bmp", "Rect": "796,792,39,40", "Center": "20,21" },
	"character_supersonic_0xf0_168absolutes":  { "File": "character_supersonic.bmp", "Rect": "852,792,38,40", "Center": "20,21" },
	"character_supersonic_0xf1_168absolutes":  { "File": "character_supersonic.bmp", "Rect": "14,848,33,40", "Center": "18,21" },
	"character_supersonic_0xf2_168absolutes":  { "File": "character_supersonic.bmp", "Rect": "72,848,24,40", "Center": "12,21" },
	"character_supersonic_0xf3_168absolutes":  { "File": "character_supersonic.bmp", "Rect": "128,848,35,40", "Center": "14,21" },
	"character_supersonic_0xf4_168absolutes":  { "File": "character_supersonic.bmp", "Rect": "180,848,38,40", "Center": "14,21" },
	"character_supersonic_0xf5_168absolutes":  { "File": "character_supersonic.bmp", "Rect": "236,848,39,40", "Center": "15,21" },
	"character_supersonic_0xf6_168absolutes":  { "File": "character_supersonic.bmp", "Rect": "292,847,32,40", "Center": "15,21" },
	"character_supersonic_0xf7_168absolutes":  { "File": "character_supersonic.bmp", "Rect": "352,847,24,40", "Center": "12,21" },
	"character_supersonic_0xf8_168absolutes":  { "File": "character_supersonic.bmp", "Rect": "408,846,25,40", "Center": "12,22" },
	"character_supersonic_0xf9_168absolutes":  { "File": "character_supersonic.bmp", "Rect": "464,847,29,40", "Center": "13,21" },
	"character_supersonic_0xfa_168absolutes":  { "File": "character_supersonic.bmp", "Rect": "516,848,32,40", "Center": "16,20" }
} "Center": "12,24" },
	"character_supersonic_0xeb_168absolutes": { "File": "character_supersonic.bmp", "Rect": "568,788,40,48", "Center": "20,24" },
	"character_supersonic_0xec_168absolutes": { "File": "character_supersonic.bmp", "Rect": "620,794,48,40", "Center": "24,18" },
	"character_supersonic_0xed_168absolutes": { "File": "character_supersonic.bmp", "Rect": "684,788,32,48", "Center": "16,24" },
	"character_supersonic_0xee_168absolutes": { "File": "character_supersonic.bmp", "Rect": "732,792,48,40", "Center": "24,20" },
	"character_supersonic_0xef_168absolutes": { "File": "character_supersonic.bmp", "Rect": "796,791,32,40", "Center": "16,21" },
	"character_supersonic_0xf0_168absolutes": { "File": "character_supersonic.bmp", "Rect": "852,791,32,40", "Center": "16,21" },
	"character_supersonic_0xf1_168absolutes": { "File": "character_supersonic.bmp", "Rect": "15,847,24,40", "Center": "13,21" },
	"character_supersonic_0xf2_168absolutes": { "File": "character_supersonic.bmp", "Rect": "72,847,24,40", "Center": "12,21" },
	"character_supersonic_0xf3_168absolutes": { "File": "character_supersonic.bmp", "Rect": "128,847,24,40", "Center": "12,21" },
	"character_supersonic_0xf4_168absolutes": { "File": "character_supersonic.bmp", "Rect": "180,847,32,40", "Center": "16,21" },
	"character_supersonic_0xf5_168absolutes": { "File": "character_supersonic.bmp", "Rect": "236,847,32,40", "Center": "16,21" },
	"character_supersonic_0xf6_168absolutes": { "File": "character_supersonic.bmp", "Rect": "292,847,32,40", "Center": "16,21" },
	"character_supersonic_0xf7_168absolutes": { "File": "character_supersonic.bmp", "Rect": "352,847,24,40", "Center": "12,21" },
	"character_supersonic_0xf8_168absolutes": { "File": "character_supersonic.bmp", "Rect": "408,846,25,40", "Center": "12,22" },
	"character_supersonic_0xf9_168absolutes": { "File": "character_supersonic.bmp", "Rect": "463,847,25,40", "Center": "13,21" },
	"character_supersonic_0xfa_168absolutes": { "File": "character_supersonic.bmp", "Rect": "516,848,32,40", "Center": "16,20" }
}