{
	"character_sonic_0x01_168cooler":  { "File": "character_coolersenic.bmp", "Rect": "30,0,31,40", "Center": "19,20" },
	"character_sonic_0x02_168cooler":  { "File": "character_coolersenic.bmp", "Rect": "61,3,40,38", "Center": "24,18" },
	"character_sonic_0x03_168cooler":  { "File": "character_coolersenic.bmp", "Rect": "104,1,45,40", "Center": "29,21" },
	"character_sonic_0x04_168cooler":  { "File": "character_coolersenic.bmp", "Rect": "151,3,38,38", "Center": "26,19" },
	"character_sonic_0x05_168cooler":  { "File": "character_coolersenic.bmp", "Rect": "190,2,33,39", "Center": "20,20" },
	"character_sonic_0x06_168cooler":  { "File": "character_coolersenic.bmp", "Rect": "225,2,37,39", "Center": "23,20" },
	"character_sonic_0x07_168cooler":  { "File": "character_coolersenic.bmp", "Rect": "265,1,42,40", "Center": "27,21" },
	"character_sonic_0x08_168cooler":  { "File": "character_coolersenic.bmp", "Rect": "311,4,39,37", "Center": "26,18" },
	"character_sonic_0x09_168cooler":  { "File": "character_coolersenic.bmp", "Rect": "358,4,36,37", "Center": "21,18" },
	"character_sonic_0x0a_168cooler":  { "File": "character_coolersenic.bmp", "Rect": "397,5,40,44", "Center": "21,17" },
	"character_sonic_0x0b_168cooler":  { "File": "character_coolersenic.bmp", "Rect": "440,5,41,43", "Center": "21,17" },
	"character_sonic_0x0c_168cooler":  { "File": "character_coolersenic.bmp", "Rect": "480,5,43,40", "Center": "23,18" },
	"character_sonic_0x0d_168cooler":  { "File": "character_coolersenic.bmp", "Rect": "522,4,40,39", "Center": "22,18" },
	"character_sonic_0x0e_168cooler":  { "File": "character_coolersenic.bmp", "Rect": "563,4,43,46", "Center": "22,19" },
	"character_sonic_0x0f_168cooler":  { "File": "character_coolersenic.bmp", "Rect": "607,4,42,41", "Center": "23,18" },
	"character_sonic_0x10_168cooler":  { "File": "character_coolersenic.bmp", "Rect": "652,3,40,41", "Center": "22,19" },
	"character_sonic_0x21_168cooler":  { "File": "character_coolersenic.bmp", "Rect": "47,52,47,40", "Center": "21,18" },
	"character_sonic_0x22_168cooler":  { "File": "character_coolersenic.bmp", "Rect": "95,52,46,40", "Center": "21,18" },
	"character_sonic_0x23_168cooler":  { "File": "character_coolersenic.bmp", "Rect": "142,52,48,40", "Center": "22,18" },
	"character_sonic_0x24_168cooler":  { "File": "character_coolersenic.bmp", "Rect": "190,52,48,40", "Center": "22,18" },
	"character_sonic_0x25_168cooler":  { "File": "character_coolersenic.bmp", "Rect": "243,54,44,44", "Center": "18,18" },
	"character_sonic_0x26_168cooler":  { "File": "character_coolersenic.bmp", "Rect": "291,55,45,42", "Center": "18,17" },
	"character_sonic_0x27_168cooler":  { "File": "character_coolersenic.bmp", "Rect": "340,54,41,46", "Center": "17,18" },
	"character_sonic_0x28_168cooler":  { "File": "character_coolersenic.bmp", "Rect": "385,54,46,45", "Center": "20,18" },
	"character_sonic_0x29_168cooler":  { "File": "character_coolersenic.bmp", "Rect": "736,339,40,48", "Center": "17,26" },
	"character_sonic_0x2a_168cooler":  { "File": "character_coolersenic.bmp", "Rect": "735,292,40,46", "Center": "18,25" },
	"character_sonic_0x2b_168cooler":  { "File": "character_coolersenic.bmp", "Rect": "735,243,40,49", "Center": "18,26" },
	"character_sonic_0x2c_168cooler":  { "File": "character_coolersenic.bmp", "Rect": "735,194,40,49", "Center": "18,27" },
	"character_sonic_0x2d_168cooler":  { "File": "character_coolersenic.bmp", "Rect": "737,147,45,42", "Center": "19,26" },
	"character_sonic_0x2e_168cooler":  { "File": "character_coolersenic.bmp", "Rect": "738,98,42,45", "Center": "18,27" },
	"character_sonic_0x2f_168cooler":  { "File": "character_coolersenic.bmp", "Rect": "737,51,45,42", "Center": "19,26" },
	"character_sonic_0x30_168cooler":  { "File": "character_coolersenic.bmp", "Rect": "738,2,46,46", "Center": "18,27" },
	"character_sonic_0x31_168cooler":  { "File": "character_coolersenic.bmp", "Rect": "449,63,43,27", "Center": "18,14" },
	"character_sonic_0x32_168cooler":  { "File": "character_coolersenic.bmp", "Rect": "495,58,38,35", "Center": "16,22" },
	"character_sonic_0x33_168cooler":  { "File": "character_coolersenic.bmp", "Rect": "534,62,32,45", "Center": "15,26" },
	"character_sonic_0x34_168cooler":  { "File": "character_coolersenic.bmp", "Rect": "566,58,47,45", "Center": "20,27" },
	"character_sonic_0x35_168cooler":  { "File": "character_coolersenic.bmp", "Rect": "449,63,44,26", "Center": "18,14" },
	"character_sonic_0x36_168cooler":  { "File": "character_coolersenic.bmp", "Rect": "495,59,37,34", "Center": "16,21" },
	"character_sonic_0x37_168cooler":  { "File": "character_coolersenic.bmp", "Rect": "535,62,29,44", "Center": "14,26" },
	"character_sonic_0x38_168cooler":  { "File": "character_coolersenic.bmp", "Rect": "567,60,46,40", "Center": "21,25" },
	"character_sonic_0x39_168cooler":  { "File": "character_coolersenic.bmp", "Rect": "612,62,41,40", "Center": "21,20" },
	"character_sonic_0x3a_168cooler":  { "File": "character_coolersenic.bmp", "Rect": "612,62,41,40", "Center": "21,20" },
	"character_sonic_0x3b_168cooler":  { "File": "character_coolersenic.bmp", "Rect": "612,62,41,40", "Center": "21,20" },
	"character_sonic_0x3c_168cooler":  { "File": "character_coolersenic.bmp", "Rect": "612,62,41,40", "Center": "21,20" },
	"character_sonic_0x8e_168cooler":  { "File": "character_coolersenic.bmp", "Rect": "1,42,34,48", "Center": "18,24" },
	"character_sonic_0x97_168cooler":  { "File": "character_coolersenic.bmp", "Rect": "0,99,36,34", "Center": "19,19" },
	"character_sonic_0x98_168cooler":  { "File": "character_coolersenic.bmp", "Rect": "45,100,30,33", "Center": "15,16" },
	"character_sonic_0x99_168cooler":  { "File": "character_coolersenic.bmp", "Rect": "80,101,34,33", "Center": "19,17" },
	"character_sonic_0x9a_168cooler":  { "File": "character_coolersenic.bmp", "Rect": "116,100,32,35", "Center": "16,19" },
	"character_sonic_0x9b_168cooler":  { "File": "character_coolersenic.bmp", "Rect": "160,106,35,31", "Center": "15,11" },
	"character_sonic_0x9c_168cooler":  { "File": "character_coolersenic.bmp", "Rect": "198,105,32,32", "Center": "13,12" },
	"character_sonic_0x9d_168cooler":  { "File": "character_coolersenic.bmp", "Rect": "242,111,44,38", "Center": "23,19" },
	"character_sonic_0x9e_168cooler":  { "File": "character_coolersenic.bmp", "Rect": "298,116,43,39", "Center": "21,20" },
	"character_sonic_0x9f_168cooler":  { "File": "character_coolersenic.bmp", "Rect": "348,116,39,39", "Center": "15,20" },
	"character_sonic_0xa0_168cooler":  { "File": "character_coolersenic.bmp", "Rect": "394,110,42,39", "Center": "26,19" },
	"character_sonic_0xa7_168cooler":  { "File": "character_coolersenic.bmp", "Rect": "504,112,41,42", "Center": "16,20" },
	"character_sonic_0xaa_168cooler":  { "File": "character_coolersenic.bmp", "Rect": "560,117,31,43", "Center": "21,12" },
	"character_sonic_0xab_168cooler":  { "File": "character_coolersenic.bmp", "Rect": "605,117,31,43", "Center": "21,13" },
	"character_sonic_0xad_168cooler":  { "File": "character_coolersenic.bmp", "Rect": "573,197,32,39", "Center": "12,19" },
	"character_sonic_0xae_168cooler":  { "File": "character_coolersenic.bmp", "Rect": "608,197,28,39", "Center": "12,19" },
	"character_sonic_0xaf_168cooler":  { "File": "character_coolersenic.bmp", "Rect": "634,196,33,40", "Center": "17,20" },
	"character_sonic_0xb0_168cooler":  { "File": "character_coolersenic.bmp", "Rect": "41,165,38,43", "Center": "17,23" },
	"character_sonic_0xb1_168cooler":  { "File": "character_coolersenic.bmp", "Rect": "88,165,32,42", "Center": "16,22" },
	"character_sonic_0xb2_168cooler":  { "File": "character_coolersenic.bmp", "Rect": "122,165,30,42", "Center": "15,22" },
	"character_sonic_0xb3_168cooler":  { "File": "character_coolersenic.bmp", "Rect": "153,165,31,42", "Center": "16,22" },
	"character_sonic_0xb4_168cooler":  { "File": "character_coolersenic.bmp", "Rect": "190,207,47,29", "Center": "23,26" },
	"character_sonic_0xb5_168cooler":  { "File": "character_coolersenic.bmp", "Rect": "191,162,46,29", "Center": "23,26" },
	"character_sonic_0xb6_168cooler":  { "File": "character_coolersenic.bmp", "Rect": "247,162,31,40", "Center": "18,20" },
	"character_sonic_0xb7_168cooler":  { "File": "character_coolersenic.bmp", "Rect": "281,162,26,40", "Center": "13,20" },
	"character_sonic_0xb8_168cooler":  { "File": "character_coolersenic.bmp", "Rect": "309,159,28,40", "Center": "15,20" },
	"character_sonic_0xb9_168cooler":  { "File": "character_coolersenic.bmp", "Rect": "341,164,24,36", "Center": "11,15" },
	"character_sonic_0xba_168cooler":  { "File": "character_coolersenic.bmp", "Rect": "1,0,29,40", "Center": "16,20" },
	"character_sonic_0xbb_168cooler":  { "File": "character_coolersenic.bmp", "Rect": "372,175,32,40", "Center": "17,20" },
	"character_sonic_0xbc_168cooler":  { "File": "character_coolersenic.bmp", "Rect": "403,175,32,40", "Center": "17,20" },
	"character_sonic_0xbd_168cooler":  { "File": "character_coolersenic.bmp", "Rect": "437,173,32,42", "Center": "15,22" },
	"character_sonic_0xbe_168cooler":  { "File": "character_coolersenic.bmp", "Rect": "470,171,32,42", "Center": "15,22" },
	"character_sonic_0xc4_168cooler":  { "File": "character_coolersenic.bmp", "Rect": "1,162,36,40", "Center": "21,20" },
	"character_sonic_0xd9_168cooler":  { "File": "character_coolersenic.bmp", "Rect": "608,196,26,40", "Center": "12,20" },
}