{
	"character_sonic_0x01_168absolute":  { "File": "character_sonic.bmp", "Rect": "8,8,40,40", "Center": "20,20" },
	"character_sonic_0x02_168absolute":  { "File": "character_sonic.bmp", "Rect": "64,7,40,40", "Center": "20,19" },
	"character_sonic_0x03_168absolute":  { "File": "character_sonic.bmp", "Rect": "124,8,32,40", "Center": "20,18" },
	"character_sonic_0x04_168absolute":  { "File": "character_sonic.bmp", "Rect": "180,8,32,40", "Center": "17,20" },
	"character_sonic_0x05_168absolute":  { "File": "character_sonic.bmp", "Rect": "232,8,40,40", "Center": "18,20" },
	"character_sonic_0x06_168absolute":  { "File": "character_sonic.bmp", "Rect": "288,8,40,40", "Center": "19,19" },
	"character_sonic_0x07_168absolute":  { "File": "character_sonic.bmp", "Rect": "348,8,32,40", "Center": "19,18" },
	"character_sonic_0x08_168absolute":  { "File": "character_sonic.bmp", "Rect": "404,8,35,40", "Center": "22,20" },
	"character_sonic_0x09_168absolute":  { "File": "character_sonic.bmp", "Rect": "456,4,40,48", "Center": "21,19" },
	"character_sonic_0x0a_168absolute":  { "File": "character_sonic.bmp", "Rect": "508,8,48,40", "Center": "20,14" },
	"character_sonic_0x0b_168absolute":  { "File": "character_sonic.bmp", "Rect": "568,8,40,40", "Center": "19,21" },
	"character_sonic_0x0c_168absolute":  { "File": "character_sonic.bmp", "Rect": "620,8,48,40", "Center": "20,19" },
	"character_sonic_0x0d_168absolute":  { "File": "character_sonic.bmp", "Rect": "680,4,40,48", "Center": "20,18" },
	"character_sonic_0x0e_168absolute":  { "File": "character_sonic.bmp", "Rect": "732,4,48,48", "Center": "21,20" },
	"character_sonic_0x0f_168absolute":  { "File": "character_sonic.bmp", "Rect": "792,8,40,40", "Center": "22,17" },
	"character_sonic_0x10_168absolute":  { "File": "character_sonic.bmp", "Rect": "848,8,40,40", "Center": "20,18" },
	"character_sonic_0x11_168absolute":  { "File": "character_sonic.bmp", "Rect": "8,64,40,40", "Center": "20,19" },
	"character_sonic_0x12_168absolute":  { "File": "character_sonic.bmp", "Rect": "64,64,40,40", "Center": "20,19" },
	"character_sonic_0x13_168absolute":  { "File": "character_sonic.bmp", "Rect": "120,68,40,32", "Center": "20,11" },
	"character_sonic_0x14_168absolute":  { "File": "character_sonic.bmp", "Rect": "176,68,40,32", "Center": "20,13" },
	"character_sonic_0x15_168absolute":  { "File": "character_sonic.bmp", "Rect": "232,64,40,40", "Center": "20,21" },
	"character_sonic_0x16_168absolute":  { "File": "character_sonic.bmp", "Rect": "288,64,40,40", "Center": "20,20" },
	"character_sonic_0x17_168absolute":  { "File": "character_sonic.bmp", "Rect": "344,68,40,32", "Center": "20,11" },
	"character_sonic_0x18_168absolute":  { "File": "character_sonic.bmp", "Rect": "400,68,40,32", "Center": "20,11" },
	"character_sonic_0x19_168absolute":  { "File": "character_sonic.bmp", "Rect": "452,64,48,40", "Center": "18,17" },
	"character_sonic_0x1a_168absolute":  { "File": "character_sonic.bmp", "Rect": "512,60,40,48", "Center": "16,25" },
	"character_sonic_0x1b_168absolute":  { "File": "character_sonic.bmp", "Rect": "568,64,40,40", "Center": "19,17" },
	"character_sonic_0x1c_168absolute":  { "File": "character_sonic.bmp", "Rect": "624,60,40,48", "Center": "16,25" },
	"character_sonic_0x1d_168absolute":  { "File": "character_sonic.bmp", "Rect": "676,64,48,40", "Center": "17,18" },
	"character_sonic_0x1e_168absolute":  { "File": "character_sonic.bmp", "Rect": "732,60,48,48", "Center": "17,24" },
	"character_sonic_0x1f_168absolute":  { "File": "character_sonic.bmp", "Rect": "792,64,40,40", "Center": "18,18" },
	"character_sonic_0x20_168absolute":  { "File": "character_sonic.bmp", "Rect": "848,64,40,40", "Center": "18,18" },
	"character_sonic_0x21_168absolute":  { "File": "character_sonic.bmp", "Rect": "12,120,32,40", "Center": "16,20" },
	"character_sonic_0x22_168absolute":  { "File": "character_sonic.bmp", "Rect": "68,120,32,40", "Center": "16,20" },
	"character_sonic_0x23_168absolute":  { "File": "character_sonic.bmp", "Rect": "124,120,32,40", "Center": "16,20" },
	"character_sonic_0x24_168absolute":  { "File": "character_sonic.bmp", "Rect": "180,120,32,40", "Center": "16,20" },
	"character_sonic_0x25_168absolute":  { "File": "character_sonic.bmp", "Rect": "232,120,40,40", "Center": "19,17" },
	"character_sonic_0x26_168absolute":  { "File": "character_sonic.bmp", "Rect": "292,120,32,40", "Center": "16,18" },
	"character_sonic_0x27_168absolute":  { "File": "character_sonic.bmp", "Rect": "344,120,40,40", "Center": "19,17" },
	"character_sonic_0x28_168absolute":  { "File": "character_sonic.bmp", "Rect": "404,120,32,40", "Center": "16,18" },
	"character_sonic_0x29_168absolute":  { "File": "character_sonic.bmp", "Rect": "456,124,40,32", "Center": "20,16" },
	"character_sonic_0x2a_168absolute":  { "File": "character_sonic.bmp", "Rect": "512,124,40,32", "Center": "20,16" },
	"character_sonic_0x2b_168absolute":  { "File": "character_sonic.bmp", "Rect": "568,124,40,32", "Center": "20,16" },
	"character_sonic_0x2c_168absolute":  { "File": "character_sonic.bmp", "Rect": "624,124,40,32", "Center": "20,16" },
	"character_sonic_0x2d_168absolute":  { "File": "character_sonic.bmp", "Rect": "680,120,40,40", "Center": "18,22" },
	"character_sonic_0x2e_168absolute":  { "File": "character_sonic.bmp", "Rect": "736,124,40,32", "Center": "19,17" },
	"character_sonic_0x2f_168absolute":  { "File": "character_sonic.bmp", "Rect": "792,120,40,40", "Center": "18,22" },
	"character_sonic_0x30_168absolute":  { "File": "character_sonic.bmp", "Rect": "848,124,40,32", "Center": "19,17" },
	"character_sonic_0x31_168absolute":  { "File": "character_sonic.bmp", "Rect": "12,176,32,40", "Center": "14,20" },
	"character_sonic_0x32_168absolute":  { "File": "character_sonic.bmp", "Rect": "68,176,32,40", "Center": "13,22" },
	"character_sonic_0x33_168absolute":  { "File": "character_sonic.bmp", "Rect": "124,180,32,32", "Center": "15,16" },
	"character_sonic_0x34_168absolute":  { "File": "character_sonic.bmp", "Rect": "180,180,32,32", "Center": "15,17" },
	"character_sonic_0x35_168absolute":  { "File": "character_sonic.bmp", "Rect": "236,180,32,32", "Center": "12,17" },
	"character_sonic_0x36_168absolute":  { "File": "character_sonic.bmp", "Rect": "292,176,32,40", "Center": "15,22" },
	"character_sonic_0x37_168absolute":  { "File": "character_sonic.bmp", "Rect": "348,176,32,40", "Center": "16,20" },
	"character_sonic_0x38_168absolute":  { "File": "character_sonic.bmp", "Rect": "408,176,24,40", "Center": "12,18" },
	"character_sonic_0x39_168absolute":  { "File": "character_sonic.bmp", "Rect": "460,180,32,32", "Center": "16,18" },
	"character_sonic_0x3a_168absolute":  { "File": "character_sonic.bmp", "Rect": "516,180,32,32", "Center": "19,16" },
	"character_sonic_0x3b_168absolute":  { "File": "character_sonic.bmp", "Rect": "576,176,24,40", "Center": "12,20" },
	"character_sonic_0x3c_168absolute":  { "File": "character_sonic.bmp", "Rect": "632,176,24,40", "Center": "12,20" },
	"character_sonic_0x3d_168absolute":  { "File": "character_sonic.bmp", "Rect": "688,172,24,48", "Center": "14,26" },
	"character_sonic_0x3e_168absolute":  { "File": "character_sonic.bmp", "Rect": "744,180,24,32", "Center": "13,16" },
	"character_sonic_0x3f_168absolute":  { "File": "character_sonic.bmp", "Rect": "796,180,32,32", "Center": "17,15" },
	"character_sonic_0x40_168absolute":  { "File": "character_sonic.bmp", "Rect": "852,180,32,32", "Center": "17,14" },
	"character_sonic_0x41_168absolute":  { "File": "character_sonic.bmp", "Rect": "12,232,32,40", "Center": "17,17" },
	"character_sonic_0x42_168absolute":  { "File": "character_sonic.bmp", "Rect": "68,232,32,40", "Center": "14,20" },
	"character_sonic_0x43_168absolute":  { "File": "character_sonic.bmp", "Rect": "128,232,24,40", "Center": "11,20" },
	"character_sonic_0x44_168absolute":  { "File": "character_sonic.bmp", "Rect": "184,236,24,32", "Center": "12,16" },
	"character_sonic_0x45_168absolute":  { "File": "character_sonic.bmp", "Rect": "236,240,32,24", "Center": "14,10" },
	"character_sonic_0x46_168absolute":  { "File": "character_sonic.bmp", "Rect": "296,236,24,32", "Center": "13,13" },
	"character_sonic_0x47_168absolute":  { "File": "character_sonic.bmp", "Rect": "352,232,24,40", "Center": "13,21" },
	"character_sonic_0x48_168absolute":  { "File": "character_sonic.bmp", "Rect": "404,232,32,40", "Center": "16,20" },
	"character_sonic_0x49_168absolute":  { "File": "character_sonic.bmp", "Rect": "456,232,40,40", "Center": "20,24" },
	"character_sonic_0x4a_168absolute":  { "File": "character_sonic.bmp", "Rect": "516,228,32,48", "Center": "16,22" },
	"character_sonic_0x4b_168absolute":  { "File": "character_sonic.bmp", "Rect": "572,236,32,32", "Center": "16,21" },
	"character_sonic_0x4c_168absolute":  { "File": "character_sonic.bmp", "Rect": "628,236,32,32", "Center": "13,15" },
	"character_sonic_0x4d_168absolute":  { "File": "character_sonic.bmp", "Rect": "684,236,32,32", "Center": "13,18" },
	"character_sonic_0x4e_168absolute":  { "File": "character_sonic.bmp", "Rect": "740,236,32,32", "Center": "18,14" },
	"character_sonic_0x4f_168absolute":  { "File": "character_sonic.bmp", "Rect": "792,232,40,40", "Center": "22,22" },
	"character_sonic_0x50_168absolute":  { "File": "character_sonic.bmp", "Rect": "848,232,40,40", "Center": "21,20" },
	"character_sonic_0x51_168absolute":  { "File": "character_sonic.bmp", "Rect": "12,292,32,32", "Center": "17,19" },
	"character_sonic_0x52_168absolute":  { "File": "character_sonic.bmp", "Rect": "68,292,32,32", "Center": "14,17" },
	"character_sonic_0x53_168absolute":  { "File": "character_sonic.bmp", "Rect": "120,292,40,32", "Center": "24,19" },
	"character_sonic_0x54_168absolute":  { "File": "character_sonic.bmp", "Rect": "176,292,40,32", "Center": "17,16" },
	"character_sonic_0x55_168absolute":  { "File": "character_sonic.bmp", "Rect": "236,288,32,40", "Center": "16,20" },
	"character_sonic_0x56_168absolute":  { "File": "character_sonic.bmp", "Rect": "292,288,32,40", "Center": "17,20" },
	"character_sonic_0x57_168absolute":  { "File": "character_sonic.bmp", "Rect": "348,288,32,40", "Center": "16,20" },
	"character_sonic_0x58_168absolute":  { "File": "character_sonic.bmp", "Rect": "408,288,24,40", "Center": "13,20" },
	"character_sonic_0x59_168absolute":  { "File": "character_sonic.bmp", "Rect": "460,288,32,40", "Center": "17,20" },
	"character_sonic_0x5a_168absolute":  { "File": "character_sonic.bmp", "Rect": "516,288,32,40", "Center": "18,20" },
	"character_sonic_0x5b_168absolute":  { "File": "character_sonic.bmp", "Rect": "576,288,24,40", "Center": "13,20" },
	"character_sonic_0x5c_168absolute":  { "File": "character_sonic.bmp", "Rect": "620,296,48,24", "Center": "20,11" },
	"character_sonic_0x5d_168absolute":  { "File": "character_sonic.bmp", "Rect": "684,296,32,24", "Center": "4,12" },
	"character_sonic_0x5e_168absolute":  { "File": "character_sonic.bmp", "Rect": "736,296,40,24", "Center": "30,12" },
	"character_sonic_0x5f_168absolute":  { "File": "character_sonic.bmp", "Rect": "788,296,48,24", "Center": "27,11" },
	"character_sonic_0x60_168absolute":  { "File": "character_sonic.bmp", "Rect": "852,296,32,24", "Center": "10,12" },
	"character_sonic_0x61_168absolute":  { "File": "character_sonic.bmp", "Rect": "8,352,40,24", "Center": "38,12" },
	"character_sonic_0x62_168absolute":  { "File": "character_sonic.bmp", "Rect": "64,348,40,32", "Center": "20,16" },
	"character_sonic_0x63_168absolute":  { "File": "character_sonic.bmp", "Rect": "128,340,24,48", "Center": "11,24" },
	"character_sonic_0x64_168absolute":  { "File": "character_sonic.bmp", "Rect": "184,348,24,32", "Center": "13,15" },
	"character_sonic_0x65_168absolute":  { "File": "character_sonic.bmp", "Rect": "240,344,24,40", "Center": "12,21" },
	"character_sonic_0x66_168absolute":  { "File": "character_sonic.bmp", "Rect": "296,340,24,48", "Center": "12,24" },
	"character_sonic_0x67_168absolute":  { "File": "character_sonic.bmp", "Rect": "352,348,24,32", "Center": "14,16" },
	"character_sonic_0x68_168absolute":  { "File": "character_sonic.bmp", "Rect": "408,344,24,40", "Center": "14,24" },
	"character_sonic_0x69_168absolute":  { "File": "character_sonic.bmp", "Rect": "460,344,32,40", "Center": "16,20" },
	"character_sonic_0x6a_168absolute":  { "File": "character_sonic.bmp", "Rect": "516,344,32,40", "Center": "16,20" },
	"character_sonic_0x6b_168absolute":  { "File": "character_sonic.bmp", "Rect": "572,348,32,32", "Center": "21,20" },
	"character_sonic_0x6c_168absolute":  { "File": "character_sonic.bmp", "Rect": "628,348,32,32", "Center": "16,16" },
	"character_sonic_0x6d_168absolute":  { "File": "character_sonic.bmp", "Rect": "680,348,40,32", "Center": "20,16" },
	"character_sonic_0x6e_168absolute":  { "File": "character_sonic.bmp", "Rect": "736,348,40,32", "Center": "20,16" },
	"character_sonic_0x6f_168absolute":  { "File": "character_sonic.bmp", "Rect": "796,348,32,32", "Center": "16,16" },
	"character_sonic_0x70_168absolute":  { "File": "character_sonic.bmp", "Rect": "852,348,32,32", "Center": "16,16" },
	"character_sonic_0x71_168absolute":  { "File": "character_sonic.bmp", "Rect": "12,404,32,32", "Center": "16,16" },
	"character_sonic_0x72_168absolute":  { "File": "character_sonic.bmp", "Rect": "64,404,40,32", "Center": "20,16" },
	"character_sonic_0x73_168absolute":  { "File": "character_sonic.bmp", "Rect": "120,404,40,32", "Center": "20,16" },
	"character_sonic_0x74_168absolute":  { "File": "character_sonic.bmp", "Rect": "180,404,32,32", "Center": "16,16" },
	"character_sonic_0x75_168absolute":  { "File": "character_sonic.bmp", "Rect": "240,404,24,32", "Center": "12,16" },
	"character_sonic_0x76_168absolute":  { "File": "character_sonic.bmp", "Rect": "292,404,32,32", "Center": "16,16" },
	"character_sonic_0x77_168absolute":  { "File": "character_sonic.bmp", "Rect": "348,408,32,24", "Center": "16,12" },
	"character_sonic_0x78_168absolute":  { "File": "character_sonic.bmp", "Rect": "400,396,40,48", "Center": "18,25" },
	"character_sonic_0x79_168absolute":  { "File": "character_sonic.bmp", "Rect": "452,400,48,40", "Center": "31,26" },
	"character_sonic_0x7a_168absolute":  { "File": "character_sonic.bmp", "Rect": "508,400,48,40", "Center": "26,23" },
	"character_sonic_0x7b_168absolute":  { "File": "character_sonic.bmp", "Rect": "568,396,40,48", "Center": "27,18" },
	"character_sonic_0x7c_168absolute":  { "File": "character_sonic.bmp", "Rect": "624,396,40,48", "Center": "23,22" },
	"character_sonic_0x7d_168absolute":  { "File": "character_sonic.bmp", "Rect": "676,400,48,40", "Center": "20,13" },
	"character_sonic_0x7e_168absolute":  { "File": "character_sonic.bmp", "Rect": "732,400,48,40", "Center": "23,17" },
	"character_sonic_0x7f_168absolute":  { "File": "character_sonic.bmp", "Rect": "792,396,40,48", "Center": "13,28" },
	"character_sonic_0x80_168absolute":  { "File": "character_sonic.bmp", "Rect": "848,396,40,48", "Center": "17,24" },
	"character_sonic_0x81_168absolute":  { "File": "character_sonic.bmp", "Rect": "12,452,32,48", "Center": "18,24" },
	"character_sonic_0x82_168absolute":  { "File": "character_sonic.bmp", "Rect": "68,452,32,48", "Center": "20,24" },
	"character_sonic_0x83_168absolute":  { "File": "character_sonic.bmp", "Rect": "120,452,40,48", "Center": "22,24" },
	"character_sonic_0x84_168absolute":  { "File": "character_sonic.bmp", "Rect": "180,452,32,48", "Center": "19,24" },
	"character_sonic_0x85_168absolute":  { "File": "character_sonic.bmp", "Rect": "236,452,32,48", "Center": "17,24" },
	"character_sonic_0x86_168absolute":  { "File": "character_sonic.bmp", "Rect": "292,460,32,32", "Center": "12,8" },
	"character_sonic_0x87_168absolute":  { "File": "character_sonic.bmp", "Rect": "348,460,32,32", "Center": "12,8" },
	"character_sonic_0x88_168absolute":  { "File": "character_sonic.bmp", "Rect": "404,460,32,32", "Center": "12,8" },
	"character_sonic_0x89_168absolute":  { "File": "character_sonic.bmp", "Rect": "460,460,32,32", "Center": "12,8" },
	"character_sonic_0x8a_168absolute":  { "File": "character_sonic.bmp", "Rect": "516,460,32,32", "Center": "12,8" },
	"character_sonic_0x8b_168absolute":  { "File": "character_sonic.bmp", "Rect": "572,460,32,32", "Center": "12,8" },
	"character_sonic_0x8c_168absolute":  { "File": "character_sonic.bmp", "Rect": "624,460,40,32", "Center": "20,16" },
	"character_sonic_0x8d_168absolute":  { "File": "character_sonic.bmp", "Rect": "680,460,40,32", "Center": "20,17" },
	"character_sonic_0x8e_168absolute":  { "File": "character_sonic.bmp", "Rect": "744,452,24,48", "Center": "15,24" },
	"character_sonic_0x8f_168absolute":  { "File": "character_sonic.bmp", "Rect": "792,460,40,32", "Center": "23,15" },
	"character_sonic_0x90_168absolute":  { "File": "character_sonic.bmp", "Rect": "852,452,32,48", "Center": "16,24" },
	"character_sonic_0x91_168absolute":  { "File": "character_sonic.bmp", "Rect": "8,508,40,48", "Center": "16,26" },
	"character_sonic_0x92_168absolute":  { "File": "character_sonic.bmp", "Rect": "64,512,40,40", "Center": "16,24" },
	"character_sonic_0x93_168absolute":  { "File": "character_sonic.bmp", "Rect": "124,516,32,32", "Center": "16,24" },
	"character_sonic_0x94_168absolute":  { "File": "character_sonic.bmp", "Rect": "180,508,32,48", "Center": "14,24" },
	"character_sonic_0x95_168absolute":  { "File": "character_sonic.bmp", "Rect": "239,508,25,48", "Center": "10,24" },
	"character_sonic_0x96_168absolute":  { "File": "character_sonic.bmp", "Rect": "292,516,32,32", "Center": "16,16" },
	"character_sonic_0x97_168absolute":  { "File": "character_sonic.bmp", "Rect": "348,516,32,32", "Center": "16,16" },
	"character_sonic_0x98_168absolute":  { "File": "character_sonic.bmp", "Rect": "404,516,32,32", "Center": "16,16" },
	"character_sonic_0x99_168absolute":  { "File": "character_sonic.bmp", "Rect": "460,516,32,32", "Center": "16,16" },
	"character_sonic_0x9a_168absolute":  { "File": "character_sonic.bmp", "Rect": "516,516,32,32", "Center": "16,16" },
	"character_sonic_0x9b_168absolute":  { "File": "character_sonic.bmp", "Rect": "576,512,24,40", "Center": "8,20" },
	"character_sonic_0x9c_168absolute":  { "File": "character_sonic.bmp", "Rect": "628,516,32,32", "Center": "13,12" },
	"character_sonic_0x9d_168absolute":  { "File": "character_sonic.bmp", "Rect": "680,512,40,40", "Center": "19,21" },
	"character_sonic_0x9e_168absolute":  { "File": "character_sonic.bmp", "Rect": "736,512,40,40", "Center": "18,21" },
	"character_sonic_0x9f_168absolute":  { "File": "character_sonic.bmp", "Rect": "796,512,32,40", "Center": "15,22" },
	"character_sonic_0xa0_168absolute":  { "File": "character_sonic.bmp", "Rect": "852,512,32,40", "Center": "17,20" },
	"character_sonic_0xa1_168absolute":  { "File": "character_sonic.bmp", "Rect": "8,568,40,40", "Center": "21,20" },
	"character_sonic_0xa2_168absolute":  { "File": "character_sonic.bmp", "Rect": "64,564,40,48", "Center": "28,27" },
	"character_sonic_0xa3_168absolute":  { "File": "character_sonic.bmp", "Rect": "124,564,33,48", "Center": "21,28" },
	"character_sonic_0xa4_168absolute":  { "File": "character_sonic.bmp", "Rect": "176,568,46,40", "Center": "30,20" },
	"character_sonic_0xa5_168absolute":  { "File": "character_sonic.bmp", "Rect": "232,568,46,40", "Center": "29,20" },
	"character_sonic_0xa6_168absolute":  { "File": "character_sonic.bmp", "Rect": "288,568,46,40", "Center": "30,19" },
	"character_sonic_0xa7_168absolute":  { "File": "character_sonic.bmp", "Rect": "344,568,40,40", "Center": "16,20" },
	"character_sonic_0xa8_168absolute":  { "File": "character_sonic.bmp", "Rect": "400,568,40,40", "Center": "16,20" },
	"character_sonic_0xa9_168absolute":  { "File": "character_sonic.bmp", "Rect": "456,568,40,40", "Center": "16,20" },
	"character_sonic_0xaa_168absolute":  { "File": "character_sonic.bmp", "Rect": "504,576,56,24", "Center": "26,12" },
	"character_sonic_0xab_168absolute":  { "File": "character_sonic.bmp", "Rect": "560,576,56,24", "Center": "26,12" },
	"character_sonic_0xac_168absolute":  { "File": "character_sonic.bmp", "Rect": "624,568,40,40", "Center": "20,20" },
	"character_sonic_0xad_168absolute":  { "File": "character_sonic.bmp", "Rect": "684,568,32,40", "Center": "18,20" },
	"character_sonic_0xae_168absolute":  { "File": "character_sonic.bmp", "Rect": "740,568,32,40", "Center": "18,20" },
	"character_sonic_0xaf_168absolute":  { "File": "character_sonic.bmp", "Rect": "792,568,40,40", "Center": "26,20" },
	"character_sonic_0xb0_168absolute":  { "File": "character_sonic.bmp", "Rect": "852,568,32,40", "Center": "22,20" },
	"character_sonic_0xb1_168absolute":  { "File": "character_sonic.bmp", "Rect": "12,624,32,40", "Center": "17,20" },
	"character_sonic_0xb2_168absolute":  { "File": "character_sonic.bmp", "Rect": "68,624,32,40", "Center": "17,20" },
	"character_sonic_0xb3_168absolute":  { "File": "character_sonic.bmp", "Rect": "124,624,32,40", "Center": "17,20" },
	"character_sonic_0xb4_168absolute":  { "File": "character_sonic.bmp", "Rect": "184,616,24,56", "Center": "11,26" },
	"character_sonic_0xb5_168absolute":  { "File": "character_sonic.bmp", "Rect": "240,616,24,56", "Center": "11,26" },
	"character_sonic_0xb6_168absolute":  { "File": "character_sonic.bmp", "Rect": "292,624,32,40", "Center": "19,20" },
	"character_sonic_0xb7_168absolute":  { "File": "character_sonic.bmp", "Rect": "352,624,24,40", "Center": "11,20" },
	"character_sonic_0xb8_168absolute":  { "File": "character_sonic.bmp", "Rect": "404,624,32,40", "Center": "19,20" },
	"character_sonic_0xb9_168absolute":  { "File": "character_sonic.bmp", "Rect": "464,624,24,40", "Center": "11,20" },
	"character_sonic_0xba_168absolute":  { "File": "character_sonic.bmp", "Rect": "516,624,32,40", "Center": "16,20" },
	"character_sonic_0xbb_168absolute":  { "File": "character_sonic.bmp", "Rect": "572,624,32,40", "Center": "18,19" },
	"character_sonic_0xbc_168absolute":  { "File": "character_sonic.bmp", "Rect": "628,624,32,40", "Center": "18,20" },
	"character_sonic_0xbd_168absolute":  { "File": "character_sonic.bmp", "Rect": "684,624,32,40", "Center": "18,20" },
	"character_sonic_0xbe_168absolute":  { "File": "character_sonic.bmp", "Rect": "740,624,32,40", "Center": "20,20" },
	"character_sonic_0xbf_168absolute":  { "File": "character_sonic.bmp", "Rect": "796,624,32,40", "Center": "18,20" },
	"character_sonic_0xc0_168absolute":  { "File": "character_sonic.bmp", "Rect": "852,624,32,40", "Center": "19,20" },
	"character_sonic_0xc1_168absolute":  { "File": "character_sonic.bmp", "Rect": "12,688,32,32", "Center": "13,20" },
	"character_sonic_0xc2_168absolute":  { "File": "character_sonic.bmp", "Rect": "60,695,40,25", "Center": "13,20" },
	"character_sonic_0xc3_168absolute":  { "File": "character_sonic.bmp", "Rect": "124,680,32,40", "Center": "19,20" },
	"character_sonic_0xc4_168absolute":  { "File": "character_sonic.bmp", "Rect": "176,680,40,40", "Center": "27,18" },
	"character_sonic_0xc8_168absolute":  { "File": "character_sonic.bmp", "Rect": "396,688,48,24", "Center": "29,12" },
	"character_sonic_0xc9_168absolute":  { "File": "character_sonic.bmp", "Rect": "456,688,40,24", "Center": "20,12" },
	"character_sonic_0xca_168absolute":  { "File": "character_sonic.bmp", "Rect": "516,688,32,24", "Center": "17,12" },
	"character_sonic_0xcb_168absolute":  { "File": "character_sonic.bmp", "Rect": "568,688,40,24", "Center": "21,12" },
	"character_sonic_0xcc_168absolute":  { "File": "character_sonic.bmp", "Rect": "620,688,48,24", "Center": "18,12" },
	"character_sonic_0xcd_168absolute":  { "File": "character_sonic.bmp", "Rect": "680,688,40,24", "Center": "22,12" },
	"character_sonic_0xce_168absolute":  { "File": "character_sonic.bmp", "Rect": "740,688,32,24", "Center": "17,12" },
	"character_sonic_0xcf_168absolute":  { "File": "character_sonic.bmp", "Rect": "792,688,40,24", "Center": "17,12" },
	"character_sonic_0xd0_168absolute":  { "File": "character_sonic.bmp", "Rect": "848,684,40,32", "Center": "20,8" },
	"character_sonic_0xd1_168absolute":  { "File": "character_sonic.bmp", "Rect": "8,740,40,32", "Center": "20,9" },
	"character_sonic_0xd2_168absolute":  { "File": "character_sonic.bmp", "Rect": "72,740,24,32", "Center": "12,16" },
	"character_sonic_0xd3_168absolute":  { "File": "character_sonic.bmp", "Rect": "124,732,32,48", "Center": "13,24" },
	"character_sonic_0xd4_168absolute":  { "File": "character_sonic.bmp", "Rect": "180,732,32,48", "Center": "16,24" },
	"character_sonic_0xd5_168absolute":  { "File": "character_sonic.bmp", "Rect": "236,732,32,48", "Center": "16,24" },
	"character_sonic_0xd6_168absolute":  { "File": "character_sonic.bmp", "Rect": "292,732,32,48", "Center": "16,24" },
	"character_sonic_0xd7_168absolute":  { "File": "character_sonic.bmp", "Rect": "344,740,40,32", "Center": "24,12" },
	"character_sonic_0xd8_168absolute":  { "File": "character_sonic.bmp", "Rect": "400,740,40,32", "Center": "24,13" },
	"character_sonic_0xd9_168absolute":  { "File": "character_sonic.bmp", "Rect": "456,736,40,40", "Center": "24,20" },
	"character_sonic_0xdf_168absolute":  { "File": "character_sonic.bmp", "Rect": "796,736,32,40", "Center": "16,20" },
	"character_sonic_0xe0_168absolute":  { "File": "character_sonic.bmp", "Rect": "856,740,24,32", "Center": "12,16" },
	"character_sonic_0xe1_168absolute":  { "File": "character_sonic.bmp", "Rect": "16,792,24,40", "Center": "12,20" },
	"character_sonic_0xe2_168absolute":  { "File": "character_sonic.bmp", "Rect": "68,792,32,40", "Center": "16,20" },
	"character_sonic_0xe3_168absolute":  { "File": "character_sonic.bmp", "Rect": "120,788,40,48", "Center": "20,24" },
	"character_sonic_0xe4_168absolute":  { "File": "character_sonic.bmp", "Rect": "180,788,32,48", "Center": "16,24" },
	"character_sonic_0xe5_168absolute":  { "File": "character_sonic.bmp", "Rect": "236,788,32,48", "Center": "16,24" },
	"character_sonic_0xe6_168absolute":  { "File": "character_sonic.bmp", "Rect": "292,788,32,48", "Center": "16,24" },
	"character_sonic_0xe7_168absolute":  { "File": "character_sonic.bmp", "Rect": "352,788,24,48", "Center": "12,24" },
	"character_sonic_0xe8_168absolute":  { "File": "character_sonic.bmp", "Rect": "404,788,32,48", "Center": "16,24" },
	"character_sonic_0xe9_168absolute":  { "File": "character_sonic.bmp", "Rect": "460,788,32,48", "Center": "16,24" },
	"character_sonic_0xea_168absolute":  { "File": "character_sonic.bmp", "Rect": "520,788,24,48", "Center": "12,24" },
	"character_sonic_0xef_168absolute":  { "File": "character_sonic.bmp", "Rect": "796,792,32,40", "Center": "16,20" },
	"character_sonic_0xf0_168absolute":  { "File": "character_sonic.bmp", "Rect": "852,792,32,40", "Center": "16,20" },
	"character_sonic_0xf1_168absolute":  { "File": "character_sonic.bmp", "Rect": "16,848,24,40", "Center": "12,20" },
	"character_sonic_0xf2_168absolute":  { "File": "character_sonic.bmp", "Rect": "72,848,24,40", "Center": "12,20" },
	"character_sonic_0xf3_168absolute":  { "File": "character_sonic.bmp", "Rect": "128,848,24,40", "Center": "12,20" },
	"character_sonic_0xf4_168absolute":  { "File": "character_sonic.bmp", "Rect": "180,848,32,40", "Center": "16,20" },
	"character_sonic_0xf5_168absolute":  { "File": "character_sonic.bmp", "Rect": "236,848,32,40", "Center": "16,20" },
	"character_sonic_0xf6_168absolute":  { "File": "character_sonic.bmp", "Rect": "292,848,32,40", "Center": "16,20" },
	"character_sonic_0xf7_168absolute":  { "File": "character_sonic.bmp", "Rect": "352,848,24,40", "Center": "12,20" },
	"character_sonic_0xf8_168absolute":  { "File": "character_sonic.bmp", "Rect": "408,848,24,40", "Center": "12,20" },
	"character_sonic_0xf9_168absolute":  { "File": "character_sonic.bmp", "Rect": "464,848,24,40", "Center": "12,20" },
	"character_sonic_0xfa_168absolute":  { "File": "character_sonic.bmp", "Rect": "516,848,32,40", "Center": "16,20" }
}character_sonic_0xf1_168absolute": { "File": "character_sonic.bmp", "Rect": "16,848,24,40", "Center": "12,20" },
	"character_sonic_0xf2_168absolute": { "File": "character_sonic.bmp", "Rect": "72,848,24,40", "Center": "12,20" },
	"character_sonic_0xf3_168absolute": { "File": "character_sonic.bmp", "Rect": "128,848,24,40", "Center": "12,20" },
	"character_sonic_0xf4_168absolute": { "File": "character_sonic.bmp", "Rect": "180,848,32,40", "Center": "16,20" },
	"character_sonic_0xf5_168absolute": { "File": "character_sonic.bmp", "Rect": "236,848,32,40", "Center": "16,20" },
	"character_sonic_0xf6_168absolute": { "File": "character_sonic.bmp", "Rect": "292,848,32,40", "Center": "16,20" },
	"character_sonic_0xf7_168absolute": { "File": "character_sonic.bmp", "Rect": "352,848,24,40", "Center": "12,20" },
	"character_sonic_0xf8_168absolute": { "File": "character_sonic.bmp", "Rect": "408,848,24,40", "Center": "12,20" },
	"character_sonic_0xf9_168absolute": { "File": "character_sonic.bmp", "Rect": "464,848,24,40", "Center": "12,20" },
	"character_sonic_0xfa_168absolute": { "File": "character_sonic.bmp", "Rect": "516,848,32,40", "Center": "16,20" }
}
