{
	"superashura_springtwirl_0":  { "File": "superashura_twirl.bmp", "Rect": "0,0,23,43", "Center": "12,20" },
	"superashura_springtwirl_1":  { "File": "superashura_twirl.bmp", "Rect": "24,0,27,44", "Center": "12,21" },
	"superashura_springtwirl_2":  { "File": "superashura_twirl.bmp", "Rect": "52,0,27,44", "Center": "13,21" },
	"superashura_springtwirl_3":  { "File": "superashura_twirl.bmp", "Rect": "80,0,23,44", "Center": "9,20" },
	"superashura_springtwirl_4":  { "File": "superashura_twirl.bmp", "Rect": "105,0,29,44", "Center": "12,20" }
}}